Action,Time,ISIN,Ticker,Name,Notes,ID,No. of shares,Price / share,Currency (Price / share),Exchange rate,Result,Currency (Result),Total,Currency (Total),Withholding tax,Currency (Withholding tax),Currency conversion fee,Currency (Currency conversion fee),French transaction tax,Currency (French transaction tax)
Deposit,2023-05-08 09:31:31,,,,Bank Transfer,ccf94a8e-c50d-4413-9e3b-6a4c9a3927e5,,,,,,,500.00,EUR,,,,,,
Interest on cash,2023-06-05 21:11:44,,,,Interest on cash,681766b7-96f4-42ff-b51d-5f37b59a58eb,,,,,,,0.01,EUR,,,,,,
Interest on cash,2023-06-06 21:14:57,,,,Interest on cash,b629a147-f5f2-4911-a5c0-73dbb77533ba,,,,,,,0.02,EUR,,,,,,
Interest on cash,2023-06-07 21:16:45,,,,Interest on cash,a5069948-4255-47d9-8a32-dfb1ec353e6a,,,,,,,0.02,EUR,,,,,,
Interest on cash,2023-06-08 21:16:29,,,,Interest on cash,c2ae0787-b425-4771-b3c9-206fa4ab88bd,,,,,,,0.01,EUR,,,,,,
Interest on cash,2023-06-09 21:17:11,,,,Interest on cash,b0afd1c4-06c8-47ca-a084-1db21274d91e,,,,,,,0.02,EUR,,,,,,
Interest on cash,2023-06-10 21:17:39,,,,Interest on cash,4301d665-f12f-49a5-9c87-1d28341eff92,,,,,,,0.02,EUR,,,,,,
Interest on cash,2023-06-11 21:17:04,,,,Interest on cash,59b6c8d0-52da-42b6-be04-506e4106a47f,,,,,,,0.01,EUR,,,,,,
Interest on cash,2023-06-12 21:17:15,,,,Interest on cash,f2cea86b-6a15-4598-94db-43281675a34c,,,,,,,0.02,EUR,,,,,,
Interest on cash,2023-06-13 21:16:55,,,,Interest on cash,185a6b4f-d3b8-4df2-bb81-1b1370e8c295,,,,,,,0.02,EUR,,,,,,
Interest on cash,2023-06-14 21:17:08,,,,Interest on cash,027cab64-184f-4525-9690-51c0f54d9b66,,,,,,,0.02,EUR,,,,,,
Interest on cash,2023-06-15 21:16:47,,,,Interest on cash,7a80faf0-5959-4f3f-9591-9aaea1fbaf47,,,,,,,0.01,EUR,,,,,,
Interest on cash,2023-06-16 21:16:03,,,,Interest on cash,4d7eab43-9dd4-43c4-824c-a207afa92c08,,,,,,,0.02,EUR,,,,,,
Interest on cash,2023-06-17 21:15:17,,,,Interest on cash,ac07f40c-880b-4c73-8925-cdae53810665,,,,,,,0.02,EUR,,,,,,
Interest on cash,2023-06-18 21:16:03,,,,Interest on cash,e57bfe18-ffdf-4159-af60-652d17578167,,,,,,,0.01,EUR,,,,,,
Interest on cash,2023-06-19 21:14:49,,,,Interest on cash,4b6a1099-eabf-45f4-8d19-8e60f90b8ee7,,,,,,,0.02,EUR,,,,,,
Interest on cash,2023-06-20 21:14:22,,,,Interest on cash,0cd74f57-d305-4d69-b92b-fd515aab7122,,,,,,,0.02,EUR,,,,,,
Interest on cash,2023-06-21 21:15:53,,,,Interest on cash,c992d909-33f1-4f88-9457-5e9f35f96460,,,,,,,0.02,EUR,,,,,,
Interest on cash,2023-06-22 21:15:55,,,,Interest on cash,ea9268f6-2683-472d-81e3-dc3e5b33a38c,,,,,,,0.01,EUR,,,,,,
Interest on cash,2023-06-23 21:14:58,,,,Interest on cash,7b2062d8-2abf-45dd-a812-e30c047278f4,,,,,,,0.02,EUR,,,,,,
Interest on cash,2023-06-24 21:14:09,,,,Interest on cash,d8543ff5-a61a-4c14-bd6b-da2ea4861461,,,,,,,0.02,EUR,,,,,,
Interest on cash,2023-06-25 21:14:13,,,,Interest on cash,b4dfd5ac-8ea0-442c-9e40-a37a6bd1efde,,,,,,,0.01,EUR,,,,,,
Interest on cash,2023-06-26 21:13:53,,,,Interest on cash,d91ec4ec-587a-4362-bdf4-1fb2fe658be5,,,,,,,0.02,EUR,,,,,,
Interest on cash,2023-06-27 21:14:47,,,,Interest on cash,1f0d05fc-35ca-464d-b2ee-78c434517b2d,,,,,,,0.02,EUR,,,,,,
Interest on cash,2023-06-28 21:14:50,,,,Interest on cash,3571c6bd-de18-4063-adcb-a346870d588d,,,,,,,0.02,EUR,,,,,,
Interest on cash,2023-06-29 21:14:55,,,,Interest on cash,6a947c8b-3819-4b5f-997e-c8a73b6b8ba8,,,,,,,0.01,EUR,,,,,,
Interest on cash,2023-06-30 21:15:12,,,,Interest on cash,d7a8b2ed-deb3-4aec-923b-828921564ea3,,,,,,,0.02,EUR,,,,,,
Interest on cash,2023-07-01 21:15:53,,,,Interest on cash,59bdd308-4df6-49e8-807b-ed4f44b828c8,,,,,,,0.02,EUR,,,,,,
Interest on cash,2023-07-02 21:16:01,,,,Interest on cash,d15c9e55-d829-43ff-9cdc-8c894096f374,,,,,,,0.01,EUR,,,,,,
Market buy,2023-07-03 13:30:47,US0326541051,ADI,Analog Devices,,EOF3141682554,0.5010323000,194.5000000000,USD,1.09139637,,,89.42,EUR,,,0.13,EUR,,
Market buy,2023-07-03 13:30:51,US3119001044,FAST,Fastenal,,EOF3141683515,5.0000000000,58.6400000000,USD,1.09142346,,,269.04,EUR,,,0.40,EUR,,
Market buy,2023-07-03 13:30:52,US0326541051,ADI,Analog Devices,,EOF3141683627,0.4989677000,194.3100000000,USD,1.09146024,,,88.96,EUR,,,0.13,EUR,,
Interest on cash,2023-07-03 21:14:47,,,,Interest on cash,2d2ac229-d641-4f04-bd9a-0c704f93327e,,,,,,,0.01,EUR,,,,,,
Deposit,2023-07-04 08:18:36,,,,Bank Transfer,17511ea9-0cfb-404c-b102-2dfd2e7102d1,,,,,,,500.00,EUR,,,,,,
Interest on cash,2023-07-04 21:13:58,,,,Interest on cash,439c6864-e291-4371-81c7-2058f30f0159,,,,,,,0.02,EUR,,,,,,
Interest on cash,2023-07-05 21:14:46,,,,Interest on cash,8652e2e6-441c-4f1a-a93b-933a64e36dfa,,,,,,,0.01,EUR,,,,,,
Interest on cash,2023-07-06 21:14:35,,,,Interest on cash,474c9a2c-7d12-4321-a126-0751d7bee506,,,,,,,0.02,EUR,,,,,,
Interest on cash,2023-07-07 21:13:59,,,,Interest on cash,cc715085-f10f-410b-a856-1b1a000a3134,,,,,,,0.02,EUR,,,,,,
Interest on cash,2023-07-08 21:14:32,,,,Interest on cash,62ac6e5c-02ae-40c4-9f54-b340d1d91494,,,,,,,0.02,EUR,,,,,,
Interest on cash,2023-07-09 21:15:19,,,,Interest on cash,f1b87c76-132f-4632-b723-ee87f0353336,,,,,,,0.02,EUR,,,,,,
Market buy,2023-07-10 07:00:05,FR0000121485,KER,Kering,,EOF3157351159,0.3000000000,474.9500000000,EUR,1.00000000,,,142.92,EUR,,,,,0.43,EUR
Interest on cash,2023-07-10 21:14:32,,,,Interest on cash,a2cabed7-6b32-4dcd-b06c-d5a0808c8232,,,,,,,0.01,EUR,,,,,,
Interest on cash,2023-07-11 21:14:48,,,,Interest on cash,1baac5cf-f44f-4588-82ce-a85fb3a9eac6,,,,,,,0.02,EUR,,,,,,
Market buy,2023-07-12 13:30:04,US98978V1035,ZTS,Zoetis,,EOF3165019577,1.0000000000,172.0000000000,USD,1.10817601,,,155.44,EUR,,,0.23,EUR,,
Interest on cash,2023-07-12 21:14:37,,,,Interest on cash,e0d9dc6a-4bd9-46d3-96c9-8dabc0606618,,,,,,,0.01,EUR,,,,,,
Interest on cash,2023-07-13 21:15:10,,,,Interest on cash,596721e4-49e3-46d1-81a1-3bd1868e85a4,,,,,,,0.01,EUR,,,,,,
Limit buy,2023-07-14 13:30:06,US3119001044,FAST,Fastenal,,EOF3168044190,1.0000000000,56.5200000000,USD,1.12276519,,,50.42,EUR,,,0.08,EUR,,
Interest on cash,2023-07-15 21:14:54,,,,Interest on cash,0ccfc662-98b9-4b6d-a86b-4284b4ef7149,,,,,,,0.01,EUR,,,,,,
Interest on cash,2023-07-16 21:15:21,,,,Interest on cash,d60038b7-05e8-4609-94e1-05696d21000b,,,,,,,0.01,EUR,,,,,,
Interest on cash,2023-07-18 21:13:40,,,,Interest on cash,1f380218-9fa4-439f-a0a8-92ecd249a65c,,,,,,,0.01,EUR,,,,,,
Interest on cash,2023-07-19 21:15:01,,,,Interest on cash,0f1766b6-b593-41c9-9188-6000c3d0e5c1,,,,,,,0.01,EUR,,,,,,
Interest on cash,2023-07-22 21:16:23,,,,Interest on cash,4cfe7727-6581-4b0b-b02f-c0271070b8f6,,,,,,,0.02,EUR,,,,,,
Interest on cash,2023-07-23 21:13:40,,,,Interest on cash,3af617fa-4a63-4ac1-bd73-9fd33080420e,,,,,,,0.01,EUR,,,,,,
Deposit,2023-07-24 07:00:10,,,,Bank Transfer,2e49eaa8-376b-485e-b91d-4c54bcda0a14,,,,,,,500.00,EUR,,,,,,
Interest on cash,2023-07-24 21:14:55,,,,Interest on cash,b2ca1190-7173-4f93-8062-739b64c87d55,,,,,,,0.02,EUR,,,,,,
Interest on cash,2023-07-26 08:17:24,,,,Interest on cash,baa5253e-519d-4dfc-8e82-6726c30a4975,,,,,,,0.02,EUR,,,,,,
Interest on cash,2023-07-26 21:14:59,,,,Interest on cash,e822e6bb-133f-4cd1-8f66-21da6ce4fbf7,,,,,,,0.03,EUR,,,,,,
Interest on cash,2023-07-27 21:14:50,,,,Interest on cash,d03aa724-ed29-4724-9799-007926b4bc73,,,,,,,0.02,EUR,,,,,,
Interest on cash,2023-07-28 21:15:09,,,,Interest on cash,ef195e8e-3ab9-4ff7-b3d3-63dbac69f9a3,,,,,,,0.03,EUR,,,,,,
Interest on cash,2023-07-29 21:07:35,,,,Interest on cash,4e04d4e0-9976-456a-9cba-b189177435c1,,,,,,,0.02,EUR,,,,,,
Interest on cash,2023-07-30 21:07:48,,,,Interest on cash,ace6f312-af2a-45ab-bff2-3b49b7f85a1a,,,,,,,0.02,EUR,,,,,,
Deposit,2023-07-31 07:30:12,,,,Bank Transfer,42a571b0-8e13-4f8c-b046-042a1ca97a62,,,,,,,1000.00,EUR,,,,,,
Market buy,2023-07-31 13:30:31,US7561091049,O,Realty Income,,EOF3201295946,1.1146660000,61.3500000000,USD,1.10226884,,,62.13,EUR,,,0.09,EUR,,
Market buy,2023-07-31 13:30:31,US7561091049,O,Realty Income,,EOF3201296057,0.8853340000,61.3700000000,USD,1.10231177,,,49.36,EUR,,,0.07,EUR,,
Market buy,2023-07-31 13:30:35,US8826811098,TXRH,Texas Roadhouse,,EOF3201853700,0.9425469000,110.9100000000,USD,1.10237136,,,94.97,EUR,,,0.14,EUR,,
Market buy,2023-07-31 13:30:35,US92826C8394,V,Visa,,EOF3201853738,0.4092100000,236.5000000000,USD,1.10238256,,,87.92,EUR,,,0.13,EUR,,
Market buy,2023-07-31 13:30:36,US8826811098,TXRH,Texas Roadhouse,,EOF3201854569,0.0502610000,110.0400000000,USD,1.10173713,,,05.03,EUR,,,0.01,EUR,,
Market buy,2023-07-31 13:30:36,US92826C8394,V,Visa,,EOF3201854584,0.0907900000,236.8200000000,USD,1.10260963,,,19.53,EUR,,,0.03,EUR,,
Market buy,2023-07-31 13:31:51,US1696561059,CMG,Chipotle Mexican Grill,,EOF3201862440,0.0399270900,1930.0000000000,USD,1.10257953,,,69.99,EUR,,,0.10,EUR,,
Interest on cash,2023-07-31 21:08:27,,,,Interest on cash,54628ce6-f743-4788-9090-ebe7f69a2594,,,,,,,0.06,EUR,,,,,,
Market buy,2023-08-01 13:30:07,US0378331005,AAPL,Apple,,EOF3203998348,0.0960317000,196.2300000000,USD,1.09751313,,,17.20,EUR,,,0.03,EUR,,
Market buy,2023-08-01 13:30:27,US0378331005,AAPL,Apple,,EOF3204718776,0.1833722000,196.0400000000,USD,1.09765759,,,32.80,EUR,,,0.05,EUR,,
Interest on cash,2023-08-01 21:08:21,,,,Interest on cash,df01c552-1fc2-4b7a-9fe7-8efb7b366746,,,,,,,0.05,EUR,,,,,,
Interest on cash,2023-08-02 21:08:18,,,,Interest on cash,2813bd54-3265-4a7e-8442-abece0b800b5,,,,,,,0.05,EUR,,,,,,
Interest on cash,2023-08-03 21:08:23,,,,Interest on cash,e80911ce-2eb0-4aac-8daa-36b8324f9274,,,,,,,0.05,EUR,,,,,,
Market buy,2023-08-04 17:15:26,US0378331005,AAPL,Apple,,EOF3214189574,0.2979300000,184.9300000000,USD,1.10368980,,,49.99,EUR,,,0.07,EUR,,
Market buy,2023-08-04 17:16:05,US98978V1035,ZTS,Zoetis,,EOF3214189674,0.1823751000,181.2500000000,USD,1.10368904,,,29.99,EUR,,,0.04,EUR,,
Market buy,2023-08-04 17:17:05,US1696561059,CMG,Chipotle Mexican Grill,,EOF3214189739,0.0172852800,1912.5400000000,USD,1.10379931,,,29.99,EUR,,,0.04,EUR,,
Market buy,2023-08-04 17:23:10,US78409V1044,SPGI,S&P Global,,EOF3214190637,0.2821983000,390.5600000000,USD,1.10380939,,,100.00,EUR,,,0.15,EUR,,
Market buy,2023-08-04 17:25:00,US9256521090,VICI,VICI Properties,,EOF3214191006,3.5204850000,31.3100000000,USD,1.10391973,,,100.00,EUR,,,0.15,EUR,,
Market buy,2023-08-04 17:26:47,US5949181045,MSFT,Microsoft,,EOF3214191177,0.1659253000,332.0300000000,USD,1.10360932,,,49.99,EUR,,,0.07,EUR,,
Market buy,2023-08-04 17:56:09,US9256521090,VICI,VICI Properties,,EOF3214194595,3.5234640000,31.2600000000,USD,1.10308948,,,100.00,EUR,,,0.15,EUR,,
Interest on cash,2023-08-04 21:08:33,,,,Interest on cash,e7044eae-5a06-4c88-898f-27c68c780bad,,,,,,,0.04,EUR,,,,,,
Interest on cash,2023-08-05 21:08:25,,,,Interest on cash,1437bde1-5ada-4871-b936-87fb04f8d636,,,,,,,0.03,EUR,,,,,,
Interest on cash,2023-08-06 21:08:30,,,,Interest on cash,6620c3f0-23d2-4f44-8ed7-23fbc0544570,,,,,,,0.03,EUR,,,,,,
Market buy,2023-08-07 13:30:04,US0378331005,AAPL,Apple,,EOF3216549794,0.3619232000,182.1400000000,USD,1.10032868,,,60.00,EUR,,,0.09,EUR,,
Market buy,2023-08-07 13:30:25,US9078181081,UNP,Union Pacific,,EOF3218214474,0.4761545000,230.7400000000,USD,1.10032938,,,100.00,EUR,,,0.15,EUR,,
Market buy,2023-08-07 15:05:07,US0378331005,AAPL,Apple,,EOF3218829917,0.2468881000,177.9300000000,USD,1.09986979,,,40.00,EUR,,,0.06,EUR,,
Interest on cash,2023-08-07 21:08:07,,,,Interest on cash,8ef36547-2b43-4126-993b-ecbdca8a15ec,,,,,,,0.03,EUR,,,,,,
Market buy,2023-08-08 18:12:20,US0378331005,AAPL,Apple,,EOF3221818733,0.3666044000,179.0300000000,USD,1.09552972,,,60.00,EUR,,,0.09,EUR,,
Market buy,2023-08-08 18:12:48,US5949181045,MSFT,Microsoft,,EOF3221818769,0.2023418000,324.4000000000,USD,1.09563812,,,60.00,EUR,,,0.09,EUR,,
Market buy,2023-08-08 18:45:49,US5184391044,EL,Estee Lauder,,EOF3221822800,1.0413728000,168.0500000000,USD,1.09540998,,,160.00,EUR,,,0.24,EUR,,
Market buy,2023-08-08 18:48:25,US5184391044,EL,Estee Lauder,,EOF3221823010,0.2171190000,167.9600000000,USD,1.09544329,,,33.34,EUR,,,0.05,EUR,,
Market buy,2023-08-08 18:48:27,US5184391044,EL,Estee Lauder,,EOF3221823015,0.0433656000,167.9600000000,USD,1.09529115,,,6.66,EUR,,,0.01,EUR,,
Market buy,2023-08-08 18:52:30,US22160K1051,COST,Costco Wholesale,,EOF3221823235,0.1179000000,556.7200000000,USD,1.09559819,,,60.00,EUR,,,0.09,EUR,,
Interest on cash,2023-08-08 21:08:40,,,,Interest on cash,d23109b5-114e-4929-9d95-9353b7ad3768,,,,,,,0.01,EUR,,,,,,
Market buy,2023-08-09 07:00:19,FR0000121014,MC.PA,LVMH Moet Hennessy Louis Vuitton,,EOF3221835854,0.0610014000,817.2000000000,EUR,1.00000000,,,50.00,EUR,,,,,0.15,EUR
Deposit,2023-08-09 07:15:07,,,,Bank Transfer,b072b477-e808-4079-9b04-d61c01f1cd2a,,,,,,,500.00,EUR,,,,,,
Interest on cash,2023-08-09 21:08:02,,,,Interest on cash,ae45af16-7856-415f-8f5e-e6eeb0aedef4,,,,,,,0.03,EUR,,,,,,
Market buy,2023-08-10 19:55:29,US0378331005,AAPL,Apple,,EOF3225884739,0.2465600000,177.8800000000,USD,1.09809946,,,40.00,EUR,,,0.06,EUR,,
Market buy,2023-08-10 19:55:51,US1696561059,CMG,Chipotle Mexican Grill,,EOF3225884792,0.0237371000,1847.6600000000,USD,1.09809940,,,40.00,EUR,,,0.06,EUR,,
Market buy,2023-08-10 19:56:35,US8826811098,TXRH,Texas Roadhouse,,EOF3225884893,0.4054705000,108.1600000000,USD,1.09803929,,,40.00,EUR,,,0.06,EUR,,
Interest on cash,2023-08-10 21:08:01,,,,Interest on cash,5cb2900e-c561-4ca4-8680-7b7db51ffb89,,,,,,,0.02,EUR,,,,,,
Interest on cash,2023-08-11 21:08:32,,,,Interest on cash,0f224d06-5b4c-4439-848d-f591e56d4687,,,,,,,0.02,EUR,,,,,,
Interest on cash,2023-08-12 21:08:30,,,,Interest on cash,3471779a-e78d-4555-a0ad-bb057a99faf2,,,,,,,0.02,EUR,,,,,,
Interest on cash,2023-08-13 21:08:46,,,,Interest on cash,4093624a-f975-4896-9e09-7fd72343da70,,,,,,,0.03,EUR,,,,,,
Market buy,2023-08-14 10:56:40,FR0000121014,MC.PA,LVMH Moet Hennessy Louis Vuitton,,EOF3228737466,0.0486760000,819.3000000000,EUR,1.00000000,,,40.00,EUR,,,,,0.12,EUR
Market buy,2023-08-14 17:43:41,US5184391044,EL,Estee Lauder,,EOF3230426254,0.3919071000,166.9500000000,USD,1.09211968,,,60.00,EUR,,,0.09,EUR,,
Market buy,2023-08-14 17:44:26,US9256521090,VICI,VICI Properties,,EOF3230426306,2.1284800000,30.7400000000,USD,1.09212944,,,60.00,EUR,,,0.09,EUR,,
Market buy,2023-08-14 17:44:47,US98978V1035,ZTS,Zoetis,,EOF3230426320,0.2295285000,190.0400000000,USD,1.09212809,,,40.00,EUR,,,0.06,EUR,,
Market buy,2023-08-14 17:45:49,US78409V1044,SPGI,S&P Global,,EOF3230426373,0.1957653000,389.9000000000,USD,1.09212892,,,69.99,EUR,,,0.10,EUR,,
Market sell,2023-08-14 17:49:23,US7561091049,O,Realty Income,,EOF3230426597,2.0000000000,58.1000000000,USD,1.09179742,-4.90,EUR,106.27,EUR,,,0.16,EUR,,
Market buy,2023-08-14 17:49:46,US9256521090,VICI,VICI Properties,,EOF3230426624,1.7747990000,30.7100000000,USD,1.09182847,,,49.99,EUR,,,0.07,EUR,,
Interest on cash,2023-08-14 21:08:54,,,,Interest on cash,8de50890-7658-413c-9d0f-a70757566845,,,,,,,0.01,EUR,,,,,,
Market sell,2023-08-15 07:00:21,FR0000121485,KER,Kering,,EOF3230442931,0.3000000000,514.9000000000,EUR,1.00000000,11.98,EUR,154.47,EUR,,,,,,
Market buy,2023-08-15 07:00:23,FR0000121014,MC.PA,LVMH Moet Hennessy Louis Vuitton,,EOF3230442969,0.0733184000,815.9000000000,EUR,1.00000000,,,60.00,EUR,,,,,0.18,EUR
Market buy,2023-08-15 14:48:16,US5184391044,EL,Estee Lauder,,EOF3232875821,0.2673403000,163.5200000000,USD,1.09452893,,,40.00,EUR,,,0.06,EUR,,
Market buy,2023-08-15 14:48:35,FR0000121014,MC.PA,LVMH Moet Hennessy Louis Vuitton,,EOF3232875843,0.0248412000,802.7000000000,EUR,1.00000000,,,20.00,EUR,,,,,0.06,EUR
Market buy,2023-08-15 14:49:39,US92826C8394,V,Visa,,EOF3232876120,0.2722421000,240.8900000000,USD,1.09464863,,,60.00,EUR,,,0.09,EUR,,
Market buy,2023-08-15 14:50:08,US98978V1035,ZTS,Zoetis,,EOF3232876243,0.1725700000,190.0000000000,USD,1.09476794,,,29.99,EUR,,,0.04,EUR,,
Market buy,2023-08-15 14:50:34,US0378331005,AAPL,Apple,,EOF3232876371,0.1843903000,177.8200000000,USD,1.09476738,,,29.99,EUR,,,0.04,EUR,,
Interest on cash,2023-08-15 21:08:26,,,,Interest on cash,432211c3-ed8b-4aa5-99cc-3735e5ff5e8e,,,,,,,0.01,EUR,,,,,,
Interest on cash,2023-08-16 21:08:22,,,,Interest on cash,9b432768-23de-40dd-a713-c37b8b0f5710,,,,,,,0.01,EUR,,,,,,
Dividend (Dividends paid by us corporations),2023-08-17 10:49:25,US0378331005,AAPL,Apple,,,1.7993096000,0.204000,USD,0.92628100,,,0.34,EUR,0.06,USD,,,,
Market buy,2023-08-17 12:27:02,FR0000121014,MC.PA,LVMH Moet Hennessy Louis Vuitton,,EOF3236420563,0.0375426000,796.7000000000,EUR,1.00000000,,,30.00,EUR,,,,,0.09,EUR
Market buy,2023-08-17 17:00:53,US0378331005,AAPL,Apple,,EOF3237829943,0.1861887000,174.9800000000,USD,1.08778960,,,29.99,EUR,,,0.04,EUR,,
Interest on cash,2023-08-17 21:08:35,,,,Interest on cash,fbdd8560-1149-40fb-8c65-6a652c946ce6,,,,,,,0.01,EUR,,,,,,
Market buy,2023-08-18 07:00:22,FR0000121014,MC.PA,LVMH Moet Hennessy Louis Vuitton,,EOF3239600967,0.0381507000,784.0000000000,EUR,1.00000000,,,30.00,EUR,,,,,0.09,EUR
Interest on cash,2023-08-18 21:08:51,,,,Interest on cash,9e7b251b-e122-40a3-9f9d-f59ec3bb3b25,,,,,,,0.01,EUR,,,,,,
Interest on cash,2023-08-20 21:08:06,,,,Interest on cash,723d6a39-2252-4038-82c8-17ddd5272540,,,,,,,0.01,EUR,,,,,,
Market buy,2023-08-21 07:00:07,FR0000121014,MC.PA,LVMH Moet Hennessy Louis Vuitton,,EOF3242809564,0.0513127000,777.2000000000,EUR,1.00000000,,,40.00,EUR,,,,,0.12,EUR
Market buy,2023-08-21 13:30:18,US5184391044,EL,Estee Lauder,,EOF3243607277,0.2085623000,156.4400000000,USD,1.08939853,,,29.99,EUR,,,0.04,EUR,,
Market buy,2023-08-21 14:44:09,US5184391044,EL,Estee Lauder,,EOF3244450558,0.1787018000,151.9900000000,USD,1.08817654,,,25.00,EUR,,,0.04,EUR,,
Market buy,2023-08-21 14:45:23,FR0000121014,MC.PA,LVMH Moet Hennessy Louis Vuitton,,EOF3244450726,0.0254338000,784.0000000000,EUR,1.00000000,,,20.00,EUR,,,,,0.06,EUR
Market buy,2023-08-21 15:20:04,US9256521090,VICI,VICI Properties,,EOF3244458233,0.9481680000,29.8100000000,USD,1.08878613,,,26.00,EUR,,,0.04,EUR,,
Market buy,2023-08-21 19:19:25,US5184391044,EL,Estee Lauder,,EOF3244481974,0.1080664000,151.0700000000,USD,1.08982583,,,15.00,EUR,,,0.02,EUR,,
Market buy,2023-08-21 19:20:08,US92826C8394,V,Visa,,EOF3244481983,0.0519115000,239.9600000000,USD,1.08982358,,,11.45,EUR,,,0.02,EUR,,
Deposit,2023-08-22 07:00:08,,,,Bank Transfer,efb889bb-060a-4be8-904b-ca63fbc386e4,,,,,,,800.00,EUR,,,,,,
Market buy,2023-08-22 14:37:40,US5184391044,EL,Estee Lauder,,EOF3245193887,0.2913342000,148.6200000000,USD,1.08407833,,,40.00,EUR,,,0.06,EUR,,
Market buy,2023-08-22 14:39:05,US78409V1044,SPGI,S&P Global,,EOF3245194198,0.1139895000,379.9200000000,USD,1.08429871,,,40.00,EUR,,,0.06,EUR,,
Market buy,2023-08-22 14:39:26,US8826811098,TXRH,Texas Roadhouse,,EOF3245194229,0.4195591000,103.2200000000,USD,1.08429870,,,40.00,EUR,,,0.06,EUR,,
Market buy,2023-08-22 14:41:02,US22160K1051,COST,Costco Wholesale,,EOF3245194975,0.0804596000,538.0000000000,USD,1.08380733,,,40.00,EUR,,,0.06,EUR,,
Interest on cash,2023-08-22 21:08:34,,,,Interest on cash,651ff452-807e-456b-a7a4-a564f5c0f043,,,,,,,0.03,EUR,,,,,,
Interest on cash,2023-08-23 21:08:44,,,,Interest on cash,e6c5c9e0-a397-4496-9baf-abce67f01279,,,,,,,0.02,EUR,,,,,,
Dividend (Dividends paid by us corporations),2023-08-24 13:23:35,US3119001044,FAST,Fastenal,,,6.0000000000,0.297500,USD,0.91876800,,,1.64,EUR,0.32,USD,,,,
Market buy,2023-08-24 14:48:35,US0378331005,AAPL,Apple,,EOF3249128168,0.2434403000,177.9200000000,USD,1.08444912,,,40.00,EUR,,,0.06,EUR,,
Interest on cash,2023-08-24 21:08:20,,,,Interest on cash,21de03bf-711a-4d01-bae1-dac75108ba60,,,,,,,0.03,EUR,,,,,,
Interest on cash,2023-08-25 21:08:42,,,,Interest on cash,43be10be-4742-452c-8eb7-9ed93ee3f10f,,,,,,,0.02,EUR,,,,,,
Interest on cash,2023-08-26 21:09:00,,,,Interest on cash,a76a77e6-a4b6-4c43-b19f-52f0cac27c64,,,,,,,0.03,EUR,,,,,,
Interest on cash,2023-08-27 21:09:04,,,,Interest on cash,e3bea6d8-0f5f-4e47-86d2-1ffae7ee2b9e,,,,,,,0.02,EUR,,,,,,
Market buy,2023-08-28 17:47:27,US5184391044,EL,Estee Lauder,,EOF3255401410,0.2752939000,156.8400000000,USD,1.08104895,,,40.00,EUR,,,0.06,EUR,,
Market buy,2023-08-28 17:48:04,US8826811098,TXRH,Texas Roadhouse,,EOF3255401458,0.4172158000,103.4800000000,USD,1.08095871,,,40.00,EUR,,,0.06,EUR,,
Market buy,2023-08-28 17:48:42,US9256521090,VICI,VICI Properties,,EOF3255401504,1.3999180000,30.8400000000,USD,1.08095821,,,40.00,EUR,,,0.06,EUR,,
Market buy,2023-08-28 17:48:58,US0378331005,AAPL,Apple,,EOF3255401525,0.2402264000,179.7200000000,USD,1.08095865,,,40.00,EUR,,,0.06,EUR,,
Interest on cash,2023-08-28 21:08:43,,,,Interest on cash,4385bb1c-f336-4943-86cc-ed0d81d079a6,,,,,,,0.02,EUR,,,,,,
Market buy,2023-08-29 13:34:37,US8826811098,TXRH,Texas Roadhouse,,EOF3256768510,0.4153199000,103.7600000000,USD,1.07895825,,,40.00,EUR,,,0.06,EUR,,
Market buy,2023-08-29 15:40:10,US6541061031,NKE,Nike,,EOF3257904217,0.4269896000,101.5500000000,USD,1.08564831,,,40.00,EUR,,,0.06,EUR,,
Interest on cash,2023-08-29 21:08:26,,,,Interest on cash,0c5c9a4a-2bd6-49fd-957d-3d271ff0a833,,,,,,,0.02,EUR,,,,,,
Interest on cash,2023-08-30 21:08:23,,,,Interest on cash,09f9dd64-19a4-42c6-9c5f-3190581d1ae0,,,,,,,0.01,EUR,,,,,,
Interest on cash,2023-08-31 21:08:42,,,,Interest on cash,16d467ce-1a2f-4796-a8f4-02e78e7f88ed,,,,,,,0.02,EUR,,,,,,
Limit buy,2023-09-01 07:00:18,FR0000121014,MC.PA,LVMH Moet Hennessy Louis Vuitton,,EOF3263552002,0.0600000000,781.5000000000,EUR,1.00000000,,,47.03,EUR,,,,,0.14,EUR
Market buy,2023-09-01 08:21:40,FR0000121014,MC.PA,LVMH Moet Hennessy Louis Vuitton,,EOF3263572917,0.0642319000,776.1000000000,EUR,1.00000000,,,50.00,EUR,,,,,0.15,EUR
Dividend (Dividends paid by us corporations),2023-09-01 12:17:10,US98978V1035,ZTS,Zoetis,,,1.0000000000,0.318750,USD,0.90980400,,,0.29,EUR,0.06,USD,,,,
Dividend (Dividends paid by us corporations),2023-09-01 12:18:53,US92826C8394,V,Visa,,,0.5000000000,0.382500,USD,0.94117600,,,0.18,EUR,0.03,USD,,,,
Interest on cash,2023-09-01 21:08:28,,,,Interest on cash,a8eb999c-2a67-48e4-a717-ecd1c6af5b6d,,,,,,,0.01,EUR,,,,,,
Interest on cash,2023-09-02 21:08:10,,,,Interest on cash,e3392304-9f32-4e4e-8c36-7ccfe5ae2f41,,,,,,,0.01,EUR,,,,,,
Interest on cash,2023-09-03 21:08:31,,,,Interest on cash,0e2038ac-ca13-42a5-8b37-e588959e710f,,,,,,,0.01,EUR,,,,,,
Market buy,2023-09-04 09:50:26,FR0000121014,MC.PA,LVMH Moet Hennessy Louis Vuitton,,EOF3267040149,0.0383120000,780.7000000000,EUR,1.00000000,,,30.00,EUR,,,,,0.09,EUR
Interest on cash,2023-09-04 21:09:12,,,,Interest on cash,655b05d7-fb9a-47d2-aa5a-2822250e3763,,,,,,,0.01,EUR,,,,,,
Limit buy,2023-09-05 07:00:20,FR0000121014,MC.PA,LVMH Moet Hennessy Louis Vuitton,,EOF3269162019,0.0800000000,767.5000000000,EUR,1.00000000,,,61.58,EUR,,,,,0.18,EUR
Deposit,2023-09-05 07:15:07,,,,Bank Transfer,521876aa-0efe-407f-9e00-221ce7470978,,,,,,,1000.00,EUR,,,,,,
Market buy,2023-09-05 08:06:15,FR0000121014,MC.PA,LVMH Moet Hennessy Louis Vuitton,,EOF3269172877,0.0657310000,758.4000000000,EUR,1.00000000,,,50.00,EUR,,,,,0.15,EUR
Market buy,2023-09-05 13:54:30,US8826811098,TXRH,Texas Roadhouse,,EOF3270973082,0.3129055000,102.7000000000,USD,1.07296810,,,29.99,EUR,,,0.04,EUR,,
Market buy,2023-09-05 13:54:59,US9078181081,UNP,Union Pacific,,EOF3270973223,0.1482916000,216.7000000000,USD,1.07294790,,,29.99,EUR,,,0.04,EUR,,
Market buy,2023-09-05 13:56:53,FR0000121014,MC.PA,LVMH Moet Hennessy Louis Vuitton,,EOF3270974354,0.0392728000,761.6000000000,EUR,1.00000000,,,30.00,EUR,,,,,0.09,EUR
Market buy,2023-09-05 14:00:20,US9256521090,VICI,VICI Properties,,EOF3270976229,3.4315500000,31.2200000000,USD,1.07293931,,,100.00,EUR,,,0.15,EUR,,
Interest on cash,2023-09-05 21:08:24,,,,Interest on cash,39d5b5f0-ee36-441d-abca-2ea8060853f2,,,,,,,0.04,EUR,,,,,,
Market buy,2023-09-06 07:22:50,FR0000121014,MC.PA,LVMH Moet Hennessy Louis Vuitton,,EOF3271440558,0.0398590000,750.4000000000,EUR,1.00000000,,,30.00,EUR,,,,,0.09,EUR
Limit buy,2023-09-06 07:59:00,FR0000121014,MC.PA,LVMH Moet Hennessy Louis Vuitton,,EOF3271443238,0.0500000000,745.5000000000,EUR,1.00000000,,,37.39,EUR,,,,,0.11,EUR
Limit buy,2023-09-06 11:58:17,FR0000121014,MC.PA,LVMH Moet Hennessy Louis Vuitton,,EOF3272403892,0.0500000000,740.5000000000,EUR,1.00000000,,,37.14,EUR,,,,,0.11,EUR
Market buy,2023-09-06 15:00:00,FR0000121014,MC.PA,LVMH Moet Hennessy Louis Vuitton,,EOF3272449159,0.0549542000,725.7000000000,EUR,1.00000000,,,40.00,EUR,,,,,0.12,EUR
Market buy,2023-09-06 15:23:13,FR0000121014,MC.PA,LVMH Moet Hennessy Louis Vuitton,,EOF3273503070,0.0543846000,733.3000000000,EUR,1.00000000,,,40.00,EUR,,,,,0.12,EUR
Interest on cash,2023-09-06 21:09:07,,,,Interest on cash,d37f8d88-dba1-45b6-af75-d6f9431ddbd5,,,,,,,0.03,EUR,,,,,,
Limit buy,2023-09-07 12:32:21,FR0000121014,MC.PA,LVMH Moet Hennessy Louis Vuitton,,EOF3274851913,0.0500000000,724.4000000000,EUR,1.00000000,,,36.33,EUR,,,,,0.11,EUR
Market buy,2023-09-07 13:52:57,US0378331005,AAPL,Apple,,EOF3274881622,0.2414346000,176.9100000000,USD,1.06940899,,,40.00,EUR,,,0.06,EUR,,
Market buy,2023-09-07 17:11:00,US0378331005,AAPL,Apple,,EOF3275762495,0.2422801000,176.5200000000,USD,1.07078826,,,40.00,EUR,,,0.06,EUR,,
Market buy,2023-09-07 17:11:23,US5184391044,EL,Estee Lauder,,EOF3275762532,0.1380032000,154.9500000000,USD,1.07078597,,,20.00,EUR,,,0.03,EUR,,
Market buy,2023-09-07 17:11:42,US9078181081,UNP,Union Pacific,,EOF3275762587,0.2019421000,211.7800000000,USD,1.07078863,,,40.00,EUR,,,0.06,EUR,,
Market buy,2023-09-07 19:10:11,US9078181081,UNP,Union Pacific,,EOF3275773038,0.2029017000,210.5600000000,USD,1.06967906,,,40.00,EUR,,,0.06,EUR,,
Market buy,2023-09-07 19:10:38,US0378331005,AAPL,Apple,,EOF3275773053,0.1206955000,176.9900000000,USD,1.06969937,,,20.00,EUR,,,0.03,EUR,,
Interest on cash,2023-09-07 21:08:20,,,,Interest on cash,d5b99f83-13fe-4dc7-8105-ce93041af082,,,,,,,0.02,EUR,,,,,,
Market buy,2023-09-08 09:17:13,FR0000121014,MC.PA,LVMH Moet Hennessy Louis Vuitton,,EOF3275793762,0.1375373000,724.9000000000,EUR,1.00000000,,,100.00,EUR,,,,,0.30,EUR
Dividend (Dividends paid by us corporations),2023-09-08 13:24:50,US22160K1051,COST,Costco Wholesale,,,0.1983596000,0.867000,USD,0.93035300,,,0.16,EUR,0.03,USD,,,,
Interest on cash,2023-09-08 21:09:53,,,,Interest on cash,357409fe-68ff-41e9-b342-b846a2ccb69a,,,,,,,0.02,EUR,,,,,,
Interest on cash,2023-09-09 21:09:03,,,,Interest on cash,0b0aba90-2a37-4f71-9a57-572073a9e4f4,,,,,,,0.01,EUR,,,,,,
Interest on cash,2023-09-10 21:09:32,,,,Interest on cash,5c9ee0a0-cf5e-46a1-96e2-c14ba20f6322,,,,,,,0.02,EUR,,,,,,
Deposit,2023-09-11 07:15:18,,,,Bank Transfer,34221271-5fd6-4f04-a3d8-80ceaf25606c,,,,,,,1000.00,EUR,,,,,,
Market buy,2023-09-11 18:09:18,US5184391044,EL,Estee Lauder,,EOF3280993238,0.2096554000,153.5200000000,USD,1.07466767,,,29.99,EUR,,,0.04,EUR,,
Market buy,2023-09-11 18:09:24,US8826811098,TXRH,Texas Roadhouse,,EOF3280993263,0.3211184000,100.2300000000,USD,1.07464765,,,29.99,EUR,,,0.04,EUR,,
Market buy,2023-09-11 18:09:54,US0378331005,AAPL,Apple,,EOF3280993295,0.2995895000,179.0700000000,USD,1.07466930,,,49.99,EUR,,,0.07,EUR,,
Market buy,2023-09-11 18:10:40,US9078181081,UNP,Union Pacific,,EOF3280993317,0.1525964000,210.9400000000,USD,1.07474739,,,29.99,EUR,,,0.04,EUR,,
Market buy,2023-09-11 18:11:07,US9256521090,VICI,VICI Properties,,EOF3280993336,1.7157490000,31.2700000000,USD,1.07474902,,,49.99,EUR,,,0.07,EUR,,
Market buy,2023-09-11 18:12:05,US98978V1035,ZTS,Zoetis,,EOF3280993408,0.1274403000,186.2600000000,USD,1.07504666,,,22.11,EUR,,,0.03,EUR,,
Market buy,2023-09-11 18:12:06,US98978V1035,ZTS,Zoetis,,EOF3280993411,0.1030516000,186.2800000000,USD,1.07482934,,,17.89,EUR,,,0.03,EUR,,
Interest on cash,2023-09-11 21:09:39,,,,Interest on cash,df6e11d7-b3ea-4bf8-ac4e-9c13079c8447,,,,,,,0.05,EUR,,,,,,
Limit buy,2023-09-12 07:25:28,FR0000121014,MC.PA,LVMH Moet Hennessy Louis Vuitton,,EOF3281817452,0.0700000000,741.3000000000,EUR,1.00000000,,,52.05,EUR,,,,,0.16,EUR
Dividend (Dividends paid by us corporations),2023-09-12 10:26:16,US78409V1044,SPGI,S&P Global,,,0.5919531000,0.765000,USD,0.92747100,,,0.42,EUR,0.08,USD,,,,
Market buy,2023-09-12 18:16:56,US98978V1035,ZTS,Zoetis,,EOF3284117829,0.2837656000,188.7300000000,USD,1.07281814,,,49.99,EUR,,,0.07,EUR,,
Market buy,2023-09-12 18:17:03,US92826C8394,V,Visa,,EOF3284117842,0.2163492000,247.5400000000,USD,1.07281812,,,49.99,EUR,,,0.07,EUR,,
Market buy,2023-09-12 18:17:16,US0378331005,AAPL,Apple,,EOF3284117857,0.3037380000,176.3200000000,USD,1.07281819,,,49.99,EUR,,,0.07,EUR,,
Interest on cash,2023-09-12 21:09:38,,,,Interest on cash,01cfc515-4325-487c-9766-84d2d06f221e,,,,,,,0.04,EUR,,,,,,
Market buy,2023-09-13 17:02:50,US0378331005,AAPL,Apple,,EOF3286928690,0.2442148000,175.6400000000,USD,1.07395812,,,40.00,EUR,,,0.06,EUR,,
Interest on cash,2023-09-13 21:09:08,,,,Interest on cash,fffd819b-03b5-4e1c-9158-d86cca59fc4e,,,,,,,0.04,EUR,,,,,,
Dividend (Dividends paid by us corporations),2023-09-14 11:45:13,US0326541051,ADI,Analog Devices,,,1.0000000000,0.731000,USD,0.93023300,,,0.68,EUR,0.13,USD,,,,
Dividend (Dividends paid by us corporations),2023-09-14 11:49:05,US5949181045,MSFT,Microsoft,,,0.3682671000,0.578000,USD,0.93959200,,,0.20,EUR,0.04,USD,,,,
Market buy,2023-09-14 14:25:01,US92826C8394,V,Visa,,EOF3341568267,0.1772279000,240.3300000000,USD,1.06642917,,,40.00,EUR,,,0.06,EUR,,
Market buy,2023-09-14 14:26:39,US98978V1035,ZTS,Zoetis,,EOF3341568660,0.2349572000,181.2500000000,USD,1.06624918,,,40.00,EUR,,,0.06,EUR,,
Market buy,2023-09-14 15:01:57,US8826811098,TXRH,Texas Roadhouse,,EOF3341576877,0.3157797000,101.1800000000,USD,1.06679766,,,29.99,EUR,,,0.04,EUR,,
Market buy,2023-09-14 15:02:53,US1696561059,CMG,Chipotle Mexican Grill,,EOF3341577007,0.0220293100,1934.0000000000,USD,1.06671721,,,40.00,EUR,,,0.06,EUR,,
Interest on cash,2023-09-14 21:09:20,,,,Interest on cash,588c6deb-9bf7-4099-8cb4-e516992391bf,,,,,,,0.03,EUR,,,,,,
Dividend (Dividends paid by us corporations),2023-09-15 13:13:00,US5184391044,EL,Estee Lauder,,,3.0230634000,0.561000,USD,0.93753400,,,1.59,EUR,0.30,USD,,,,
Market buy,2023-09-15 13:33:51,US0378331005,AAPL,Apple,,EOF3343280854,0.2431902000,175.1600000000,USD,1.06652968,,,40.00,EUR,,,0.06,EUR,,
Market buy,2023-09-15 13:35:26,US92826C8394,V,Visa,,EOF3343285417,0.1758672000,242.2100000000,USD,1.06651964,,,40.00,EUR,,,0.06,EUR,,
Market buy,2023-09-15 13:35:59,US98978V1035,ZTS,Zoetis,,EOF3343291441,0.2352894000,181.0400000000,USD,1.06651960,,,40.00,EUR,,,0.06,EUR,,
Interest on cash,2023-09-15 21:09:15,,,,Interest on cash,7ec4a265-8ad2-40d0-ab67-a2cb8e408242,,,,,,,0.03,EUR,,,,,,
Interest on cash,2023-09-16 21:09:05,,,,Interest on cash,211e8457-220e-4394-b3d6-dc1b72d08adc,,,,,,,0.03,EUR,,,,,,
Interest on cash,2023-09-17 21:09:03,,,,Interest on cash,ed7e3570-d62f-4717-9a00-a75803e01521,,,,,,,0.02,EUR,,,,,,
Market buy,2023-09-18 15:55:44,US8826811098,TXRH,Texas Roadhouse,,EOF3601183586,0.4245855000,100.6200000000,USD,1.06964929,,,40.00,EUR,,,0.06,EUR,,
Market buy,2023-09-18 15:56:40,US5184391044,EL,Estee Lauder,,EOF3601183659,0.2761590000,154.7000000000,USD,1.06964940,,,40.00,EUR,,,0.06,EUR,,
Market buy,2023-09-18 18:08:19,US1696561059,CMG,Chipotle Mexican Grill,,EOF3601197707,0.0219632000,1943.1500000000,USD,1.06854762,,,40.00,EUR,,,0.06,EUR,,
Market buy,2023-09-18 18:08:40,US5949181045,MSFT,Microsoft,,EOF3601197746,0.1299211000,328.4900000000,USD,1.06854737,,,40.00,EUR,,,0.06,EUR,,
Market buy,2023-09-18 18:09:03,US9078181081,UNP,Union Pacific,,EOF3601197778,0.2000928000,213.2900000000,USD,1.06854765,,,40.00,EUR,,,0.06,EUR,,
Market buy,2023-09-18 18:09:09,US9256521090,VICI,VICI Properties,,EOF3601197785,1.3845870000,30.8200000000,USD,1.06842692,,,40.00,EUR,,,0.06,EUR,,
Interest on cash,2023-09-18 21:08:33,,,,Interest on cash,abd48653-a6a4-49a3-9e16-4914876645f4,,,,,,,0.02,EUR,,,,,,
Deposit,2023-09-19 07:30:07,,,,Bank Transfer,f5d8b28e-0939-4283-b985-efb79dad375c,,,,,,,800.00,EUR,,,,,,
Limit buy,2023-09-19 14:03:36,FR0000121014,MC.PA,LVMH Moet Hennessy Louis Vuitton,,EOF3650762195,0.0800000000,731.9000000000,EUR,1.00000000,,,58.73,EUR,,,,,0.18,EUR
Market buy,2023-09-19 18:13:32,US5184391044,EL,Estee Lauder,,EOF3650798294,0.2107522000,151.8100000000,USD,1.06825681,,,29.99,EUR,,,0.04,EUR,,
Market buy,2023-09-19 18:14:02,US78409V1044,SPGI,S&P Global,,EOF3650798331,0.1098373000,388.4500000000,USD,1.06825986,,,40.00,EUR,,,0.06,EUR,,
Market buy,2023-09-19 18:14:45,US92826C8394,V,Visa,,EOF3650798366,0.2195721000,242.8700000000,USD,1.06825873,,,49.99,EUR,,,0.07,EUR,,
Market buy,2023-09-19 18:15:42,US8826811098,TXRH,Texas Roadhouse,,EOF3650798402,0.3203260000,99.8700000000,USD,1.06814549,,,29.99,EUR,,,0.04,EUR,,
Interest on cash,2023-09-19 21:08:35,,,,Interest on cash,3bfbaa4c-48d0-4bf6-b8bf-151df53e25e7,,,,,,,0.04,EUR,,,,,,
Market buy,2023-09-20 16:25:36,US0378331005,AAPL,Apple,,EOF3700738784,0.3020019000,177.3800000000,USD,1.07309889,,,49.99,EUR,,,0.07,EUR,,
Market buy,2023-09-20 18:10:30,US9256521090,VICI,VICI Properties,,EOF3700748873,1.3839990000,30.8300000000,USD,1.06831970,,,40.00,EUR,,,0.06,EUR,,
Interest on cash,2023-09-20 21:09:23,,,,Interest on cash,67d0e31a-b2da-43e4-92f2-9f17d0d8801e,,,,,,,0.04,EUR,,,,,,
Limit buy,2023-09-21 07:23:05,FR0000121014,MC.PA,LVMH Moet Hennessy Louis Vuitton,,EOF3701720233,0.0700000000,724.6000000000,EUR,1.00000000,,,50.87,EUR,,,,,0.15,EUR
Market buy,2023-09-21 14:18:32,US0378331005,AAPL,Apple,,EOF3750128916,0.2419421000,175.8900000000,USD,1.06547811,,,40.00,EUR,,,0.06,EUR,,
Market buy,2023-09-21 14:19:00,US1696561059,CMG,Chipotle Mexican Grill,,EOF3750129024,0.0224409300,1896.3200000000,USD,1.06547782,,,40.00,EUR,,,0.06,EUR,,
Market buy,2023-09-21 14:19:08,US22160K1051,COST,Costco Wholesale,,EOF3750129043,0.0757061000,562.1100000000,USD,1.06547711,,,40.00,EUR,,,0.06,EUR,,
Market buy,2023-09-21 14:19:26,US5184391044,EL,Estee Lauder,,EOF3750129103,0.1433663000,148.4100000000,USD,1.06544780,,,20.00,EUR,,,0.03,EUR,,
Market buy,2023-09-21 14:19:39,FR0000121014,MC.PA,LVMH Moet Hennessy Louis Vuitton,,EOF3750129136,0.0273039000,730.3000000000,EUR,1.00000000,,,20.00,EUR,,,,,0.06,EUR
Market buy,2023-09-21 14:19:58,US78409V1044,SPGI,S&P Global,,EOF3750129428,0.0559023000,380.6100000000,USD,1.06544689,,,20.00,EUR,,,0.03,EUR,,
Market buy,2023-09-21 14:20:16,US8826811098,TXRH,Texas Roadhouse,,EOF3750129499,0.4297080000,99.0300000000,USD,1.06544775,,,40.00,EUR,,,0.06,EUR,,
Market buy,2023-09-21 14:20:24,US9256521090,VICI,VICI Properties,,EOF3750129516,1.4003420000,30.4000000000,USD,1.06585870,,,40.00,EUR,,,0.06,EUR,,
Market buy,2023-09-21 14:20:40,US98978V1035,ZTS,Zoetis,,EOF3750129555,0.1184946000,179.6300000000,USD,1.06585803,,,20.00,EUR,,,0.03,EUR,,
Market buy,2023-09-21 14:20:55,US92826C8394,V,Visa,,EOF3750129601,0.2665314000,239.5800000000,USD,1.06585866,,,60.00,EUR,,,0.09,EUR,,
Market buy,2023-09-21 15:55:00,US0378331005,AAPL,Apple,,EOF3750146955,0.2426636000,175.5500000000,USD,1.06658975,,,40.00,EUR,,,0.06,EUR,,
Market buy,2023-09-21 15:55:32,US78409V1044,SPGI,S&P Global,,EOF3750147016,0.1131133000,376.6100000000,USD,1.06658988,,,40.00,EUR,,,0.06,EUR,,
Market buy,2023-09-21 15:55:48,US92826C8394,V,Visa,,EOF3750147051,0.3588256000,237.4100000000,USD,1.06645951,,,80.00,EUR,,,0.12,EUR,,
Interest on cash,2023-09-21 21:09:29,,,,Interest on cash,98ce83e4-82d5-42cc-ae02-40ea224ce462,,,,,,,0.02,EUR,,,,,,
Deposit,2023-09-22 07:00:18,,,,Bank Transfer,6b7845c5-b8e8-4141-a52b-dc81b6762dc1,,,,,,,1000.00,EUR,,,,,,
Market buy,2023-09-22 14:20:17,US0378331005,AAPL,Apple,,EOF3751488066,0.1824688000,174.9800000000,USD,1.06605644,,,29.99,EUR,,,0.04,EUR,,
Market buy,2023-09-22 14:20:58,US92826C8394,V,Visa,,EOF3751488300,0.4505544000,236.2600000000,USD,1.06607894,,,100.00,EUR,,,0.15,EUR,,
Market buy,2023-09-22 14:21:26,US98978V1035,ZTS,Zoetis,,EOF3751488440,0.3021386000,176.1400000000,USD,1.06607958,,,49.99,EUR,,,0.07,EUR,,
Market buy,2023-09-22 14:21:27,US9256521090,VICI,VICI Properties,,EOF3751488445,1.7686500000,30.0900000000,USD,1.06607929,,,49.99,EUR,,,0.07,EUR,,
Market buy,2023-09-22 14:22:15,US78409V1044,SPGI,S&P Global,,EOF3751488789,0.1430823000,371.9200000000,USD,1.06600899,,,49.99,EUR,,,0.07,EUR,,
Market buy,2023-09-22 14:22:54,US8826811098,TXRH,Texas Roadhouse,,EOF3751489101,0.3315240000,96.3000000000,USD,1.06596865,,,29.99,EUR,,,0.04,EUR,,
Market buy,2023-09-22 14:23:02,US6541061031,NKE,Nike,,EOF3751489145,0.5825830000,91.3400000000,USD,1.06596817,,,49.99,EUR,,,0.07,EUR,,
Interest on cash,2023-09-22 21:09:19,,,,Interest on cash,2cccb1a3-4bc5-41dd-8eca-39efa4f62c02,,,,,,,0.04,EUR,,,,,,
Interest on cash,2023-09-23 21:09:21,,,,Interest on cash,f8c85b4e-0406-45ca-8fa1-81e6d04a34b2,,,,,,,0.04,EUR,,,,,,
Interest on cash,2023-09-24 21:09:25,,,,Interest on cash,f5c18e2f-669f-49ad-91e7-7ba300c08a89,,,,,,,0.04,EUR,,,,,,
Market buy,2023-09-25 08:17:42,FR0000121014,MC.PA,LVMH Moet Hennessy Louis Vuitton,,EOF3850432054,0.0688731000,723.8000000000,EUR,1.00000000,,,50.00,EUR,,,,,0.15,EUR
Market buy,2023-09-25 10:32:46,FR0000121014,MC.PA,LVMH Moet Hennessy Louis Vuitton,,EOF3850438589,0.0415765000,719.4000000000,EUR,1.00000000,,,30.00,EUR,,,,,0.09,EUR
Market buy,2023-09-25 13:30:04,US92826C8394,V,Visa,,EOF3900201356,0.2246367000,235.7900000000,USD,1.06103941,,,49.99,EUR,,,0.07,EUR,,
Market buy,2023-09-25 14:43:59,FR0000121014,MC.PA,LVMH Moet Hennessy Louis Vuitton,,EOF3901009989,0.0561220000,710.6000000000,EUR,1.00000000,,,40.00,EUR,,,,,0.12,EUR
Market buy,2023-09-25 14:44:20,US98978V1035,ZTS,Zoetis,,EOF3901010031,0.2404983000,175.7800000000,USD,1.05845746,,,40.00,EUR,,,0.06,EUR,,
Market buy,2023-09-25 14:44:39,US92826C8394,V,Visa,,EOF3901010054,0.3609687000,234.2300000000,USD,1.05845892,,,80.00,EUR,,,0.12,EUR,,
Market buy,2023-09-25 14:44:58,US92826C8394,V,Visa,,EOF3901010140,0.1804918000,234.2200000000,USD,1.05845742,,,40.00,EUR,,,0.06,EUR,,
Market buy,2023-09-25 14:45:09,US9256521090,VICI,VICI Properties,,EOF3901010178,1.4286850000,29.5900000000,USD,1.05845741,,,40.00,EUR,,,0.06,EUR,,
Market buy,2023-09-25 14:45:37,US8826811098,TXRH,Texas Roadhouse,,EOF3901010387,0.6623820000,95.7500000000,USD,1.05863923,,,60.00,EUR,,,0.09,EUR,,
Market buy,2023-09-25 14:45:52,US78409V1044,SPGI,S&P Global,,EOF3901010423,0.1710255000,370.8400000000,USD,1.05863956,,,60.00,EUR,,,0.09,EUR,,
Market buy,2023-09-25 15:38:24,US92826C8394,V,Visa,,EOF3901019249,0.2701767000,234.7600000000,USD,1.05869941,,,60.00,EUR,,,0.09,EUR,,
Market buy,2023-09-25 15:38:52,US0378331005,AAPL,Apple,,EOF3901019264,0.2400613000,176.1400000000,USD,1.05869798,,,40.00,EUR,,,0.06,EUR,,
Market buy,2023-09-25 19:53:55,US0231351067,AMZN,Amazon,,EOF3901039884,0.3235456000,130.7500000000,USD,1.05917844,,,40.00,EUR,,,0.06,EUR,,
Interest on cash,2023-09-25 21:09:28,,,,Interest on cash,5571e4b0-ffbc-4862-a565-d87ee55fff99,,,,,,,0.02,EUR,,,,,,
Market buy,2023-09-26 07:37:34,FR0000121014,MC.PA,LVMH Moet Hennessy Louis Vuitton,,EOF3902052104,0.0569230000,700.6000000000,EUR,1.00000000,,,40.00,EUR,,,,,0.12,EUR
Market buy,2023-09-26 07:39:24,FR0000121014,MC.PA,LVMH Moet Hennessy Louis Vuitton,,EOF3902052168,0.0853481000,700.9000000000,EUR,1.00000000,,,60.00,EUR,,,,,0.18,EUR
Dividend (Dividends paid by us corporations),2023-09-26 11:04:37,US8826811098,TXRH,Texas Roadhouse,,,2.6503732000,0.467500,USD,0.94427200,,,1.17,EUR,0.22,USD,,,,
Market buy,2023-09-26 15:05:19,US92826C8394,V,Visa,,EOF3951067129,0.1367193000,231.7500000000,USD,1.05791979,,,29.99,EUR,,,0.04,EUR,,
Market buy,2023-09-26 16:33:11,US9256521090,VICI,VICI Properties,,EOF3951076616,1.4378370000,29.3600000000,USD,1.05695779,,,40.00,EUR,,,0.06,EUR,,
Market buy,2023-09-26 16:33:48,US5184391044,EL,Estee Lauder,,EOF3951076653,0.2979541000,141.7000000000,USD,1.05708803,,,40.00,EUR,,,0.06,EUR,,
Market buy,2023-09-26 16:34:13,US1696561059,CMG,Chipotle Mexican Grill,,EOF3951076679,0.0171231200,1848.9500000000,USD,1.05708823,,,29.99,EUR,,,0.04,EUR,,
Market buy,2023-09-26 16:34:58,US92826C8394,V,Visa,,EOF3951076774,0.4569423000,230.9600000000,USD,1.05693934,,,100.00,EUR,,,0.15,EUR,,
Market buy,2023-09-27 15:31:09,US92826C8394,V,Visa,,EOF4001197470,0.2293273000,229.0800000000,USD,1.05236974,,,49.99,EUR,,,0.07,EUR,,
Deposit,2023-09-28 07:15:09,,,,Bank Transfer,73487da5-7bf1-422f-8c24-81f3ec0b4c1a,,,,,,,1000.00,EUR,,,,,,
Market buy,2023-09-28 09:28:07,FR0000121014,MC.PA,LVMH Moet Hennessy Louis Vuitton,,EOF4002098297,0.0715213000,697.0000000000,EUR,1.00000000,,,50.00,EUR,,,,,0.15,EUR
Market buy,2023-09-28 15:10:47,US92826C8394,V,Visa,,EOF4050917101,0.4554833000,231.6100000000,USD,1.05652966,,,100.00,EUR,,,0.15,EUR,,
Market buy,2023-09-28 15:11:01,US9256521090,VICI,VICI Properties,,EOF4050917118,1.4466160000,29.1700000000,USD,1.05652951,,,40.00,EUR,,,0.06,EUR,,
Market buy,2023-09-28 15:11:22,US0378331005,AAPL,Apple,,EOF4050917185,0.6201604000,170.1100000000,USD,1.05653966,,,100.00,EUR,,,0.15,EUR,,
Market buy,2023-09-28 15:11:43,US0231351067,AMZN,Amazon,,EOF4050917285,0.6759282000,124.8600000000,USD,1.05653974,,,80.00,EUR,,,0.12,EUR,,
Market buy,2023-09-28 15:12:01,US5184391044,EL,Estee Lauder,,EOF4050917331,0.4531593000,139.6800000000,USD,1.05653965,,,60.00,EUR,,,0.09,EUR,,
Market buy,2023-09-28 15:12:17,US78409V1044,SPGI,S&P Global,,EOF4050917369,0.2861569000,368.6700000000,USD,1.05655948,,,100.00,EUR,,,0.15,EUR,,
Market buy,2023-09-28 17:01:41,US98978V1035,ZTS,Zoetis,,EOF4050929727,0.3615583000,174.9900000000,USD,1.05606888,,,60.00,EUR,,,0.09,EUR,,
Market buy,2023-09-28 17:01:56,US9078181081,UNP,Union Pacific,,EOF4050929753,0.3101730000,203.9800000000,USD,1.05606891,,,60.00,EUR,,,0.09,EUR,,
Interest on cash,2023-09-28 21:09:14,,,,Interest on cash,6aab643b-9ffc-46b5-98fa-7ead183f29a0,,,,,,,0.02,EUR,,,,,,
Market buy,2023-09-29 14:38:17,US78409V1044,SPGI,S&P Global,,EOF4100770956,0.1709322000,370.5900000000,USD,1.05734875,,,60.00,EUR,,,0.09,EUR,,
Market buy,2023-09-29 14:38:35,US8826811098,TXRH,Texas Roadhouse,,EOF4100771247,0.3239650000,97.7500000000,USD,1.05734820,,,29.99,EUR,,,0.04,EUR,,
Market buy,2023-09-29 14:38:50,US92826C8394,V,Visa,,EOF4100771353,0.3640951000,231.9600000000,USD,1.05727966,,,80.00,EUR,,,0.12,EUR,,
Dividend (Dividends paid by us corporations),2023-09-29 14:54:08,US9078181081,UNP,Union Pacific,,,0.4761545000,1.105000,USD,0.95029800,,,0.50,EUR,0.09,USD,,,,
Market buy,2023-09-29 17:59:55,US92826C8394,V,Visa,,EOF4101756296,0.1606634000,229.8500000000,USD,1.05660894,,,35.00,EUR,,,0.05,EUR,,
Market buy,2023-09-29 18:00:16,US0378331005,AAPL,Apple,,EOF4101756316,0.2472666000,170.6700000000,USD,1.05660968,,,40.00,EUR,,,0.06,EUR,,
Market buy,2023-09-29 18:00:38,US0231351067,AMZN,Amazon,,EOF4101756347,0.4158997000,126.8200000000,USD,1.05657852,,,49.99,EUR,,,0.07,EUR,,
Market buy,2023-09-29 18:44:53,US02079K3059,GOOGL,Alphabet (Class A),,EOF4101759423,0.4031927000,130.8900000000,USD,1.05716932,,,49.99,EUR,,,0.07,EUR,,
Market buy,2023-09-29 18:45:21,US5949181045,MSFT,Microsoft,,EOF4101759457,0.0397876000,315.9200000000,USD,1.05716556,,,11.91,EUR,,,0.02,EUR,,
Deposit,2023-10-02 08:00:16,,,,Bank Transfer,02c29e8a-977d-4114-8fb6-c23c446f6e86,,,,,,,750.00,EUR,,,,,,
Dividend (Dividends paid by us corporations),2023-10-02 08:41:50,US6541061031,NKE,Nike,,,0.4269896000,0.289000,USD,0.97244700,,,0.12,EUR,0.02,USD,,,,
Market buy,2023-10-02 18:06:20,US92826C8394,V,Visa,,EOF4202043534,0.1816055000,230.8200000000,USD,1.04952883,,,40.00,EUR,,,0.06,EUR,,
Market buy,2023-10-02 18:06:36,US98978V1035,ZTS,Zoetis,,EOF4202043558,0.2442785000,171.6000000000,USD,1.04952905,,,40.00,EUR,,,0.06,EUR,,
Market buy,2023-10-02 18:07:03,US78409V1044,SPGI,S&P Global,,EOF4202043596,0.1145678000,365.9300000000,USD,1.04966938,,,40.00,EUR,,,0.06,EUR,,
Market buy,2023-10-02 18:07:26,US0231351067,AMZN,Amazon,,EOF4202043631,0.4872216000,129.0700000000,USD,1.04966936,,,60.00,EUR,,,0.09,EUR,,
Market buy,2023-10-02 18:55:52,US9256521090,VICI,VICI Properties,,EOF4202049163,2.1980450000,28.6000000000,USD,1.04930874,,,60.00,EUR,,,0.09,EUR,,
Market buy,2023-10-02 19:47:56,US98978V1035,ZTS,Zoetis,,EOF4202854370,0.2434745000,172.0500000000,USD,1.04881792,,,40.00,EUR,,,0.06,EUR,,
Interest on cash,2023-10-02 21:09:16,,,,Interest on cash,3b7ed20c-34f4-493d-a34f-caf571ace184,,,,,,,0.02,EUR,,,,,,
Interest on cash,2023-10-03 21:10:12,,,,Interest on cash,b7f1338f-a85c-4ba3-88c4-7514fbd1a74a,,,,,,,0.02,EUR,,,,,,
Market buy,2023-10-04 09:13:41,FR0000121014,MC.PA,LVMH Moet Hennessy Louis Vuitton,,EOF4251293959,0.0561299000,710.5000000000,EUR,1.00000000,,,40.00,EUR,,,,,0.12,EUR
Market sell,2023-10-04 13:30:08,US02079K3059,GOOGL,Alphabet (Class A),,EOF4252812886,0.4031927000,132.7800000000,USD,1.05157978,0.99,EUR,50.83,EUR,,,0.08,EUR,,
Market buy,2023-10-04 14:58:06,US9256521090,VICI,VICI Properties,,EOF4252844629,2.2648590000,27.7600000000,USD,1.04944893,,,60.00,EUR,,,0.09,EUR,,
Market buy,2023-10-04 14:59:09,US0231351067,AMZN,Amazon,,EOF4252844878,0.4978593000,126.2700000000,USD,1.04931887,,,60.00,EUR,,,0.09,EUR,,
Market sell,2023-10-04 19:19:20,US5949181045,MSFT,Microsoft,,EOF4300519730,0.5379758000,318.9300000000,USD,1.05132734,1.54,EUR,162.96,EUR,,,0.24,EUR,,
Market buy,2023-10-04 19:25:28,US98978V1035,ZTS,Zoetis,,EOF4300520179,0.2454570000,171.1000000000,USD,1.05151959,,,40.00,EUR,,,0.06,EUR,,
Market buy,2023-10-04 19:25:46,US1696561059,CMG,Chipotle Mexican Grill,,EOF4300520263,0.0225422400,1863.0800000000,USD,1.05152720,,,40.00,EUR,,,0.06,EUR,,
Interest on cash,2023-10-04 21:08:40,,,,Interest on cash,4056e008-4a0c-4ba8-ab5d-04f38951d14b,,,,,,,0.01,EUR,,,,,,
Dividend (Dividends paid by us corporations),2023-10-05 12:27:00,US9256521090,VICI,VICI Properties,,,19.8272000000,0.352750,USD,0.95223900,,,6.66,EUR,1.23,USD,,,,
Market buy,2023-10-05 16:48:39,US78409V1044,SPGI,S&P Global,,EOF4301248841,0.1168166000,360.1600000000,USD,1.05339676,,,40.00,EUR,,,0.06,EUR,,
Market buy,2023-10-05 16:49:06,US0378331005,AAPL,Apple,,EOF4301248859,0.1816241000,173.6900000000,USD,1.05329849,,,29.99,EUR,,,0.04,EUR,,
Market buy,2023-10-05 16:49:20,US0231351067,AMZN,Amazon,,EOF4301248884,0.3351294000,125.5300000000,USD,1.05329978,,,40.00,EUR,,,0.06,EUR,,
Market buy,2023-10-05 16:49:46,US1696561059,CMG,Chipotle Mexican Grill,,EOF4301248911,0.0169952800,1856.1800000000,USD,1.05329879,,,29.99,EUR,,,0.04,EUR,,
Market buy,2023-10-05 18:34:21,US9256521090,VICI,VICI Properties,,EOF4350605876,1.1140090000,28.3600000000,USD,1.05486795,,,29.99,EUR,,,0.04,EUR,,
Market buy,2023-10-05 18:34:43,US78409V1044,SPGI,S&P Global,,EOF4350605906,0.0875281000,360.9500000000,USD,1.05486703,,,29.99,EUR,,,0.04,EUR,,
Market buy,2023-10-05 18:35:02,US0231351067,AMZN,Amazon,,EOF4350605943,0.3339529000,126.1600000000,USD,1.05486975,,,40.00,EUR,,,0.06,EUR,,
Interest on cash,2023-10-05 21:08:54,,,,Interest on cash,a2f8074d-73c6-489d-86c4-717d9fe93793,,,,,,,0.01,EUR,,,,,,
Market buy,2023-10-06 15:04:47,US1696561059,CMG,Chipotle Mexican Grill,,EOF4400683026,0.0230056600,1830.3100000000,USD,1.05426864,,,40.00,EUR,,,0.06,EUR,,
Market buy,2023-10-06 15:05:30,US98978V1035,ZTS,Zoetis,,EOF4400683084,0.1831938000,172.3600000000,USD,1.05426655,,,29.99,EUR,,,0.04,EUR,,
Interest on cash,2023-10-06 21:08:36,,,,Interest on cash,8d3098f9-2897-420d-bacf-9694aeff150d,,,,,,,0.01,EUR,,,,,,
Interest on cash,2023-10-08 21:08:47,,,,Interest on cash,92e87fc8-2e40-44c1-bb96-a3aefc4b0362,,,,,,,0.01,EUR,,,,,,
Deposit,2023-10-09 10:30:16,,,,Bank Transfer,5c32c65d-23e2-400b-b8c5-e126f4e42bd5,,,,,,,800.00,EUR,,,,,,
Market buy,2023-10-09 13:22:22,FR0000121014,MC.PA,LVMH Moet Hennessy Louis Vuitton,,EOF4450094172,0.0560037000,712.1000000000,EUR,1.00000000,,,40.00,EUR,,,,,0.12,EUR
Market buy,2023-10-09 14:17:38,US0231351067,AMZN,Amazon,,EOF4501200141,0.3341923000,126.1100000000,USD,1.05520758,,,40.00,EUR,,,0.06,EUR,,
Market buy,2023-10-09 14:20:23,US1696561059,CMG,Chipotle Mexican Grill,,EOF4501200542,0.0229512900,1836.2800000000,USD,1.05520768,,,40.00,EUR,,,0.06,EUR,,
Market buy,2023-10-09 16:50:02,US92826C8394,V,Visa,,EOF4501220689,0.1801493000,233.6300000000,USD,1.05378770,,,40.00,EUR,,,0.06,EUR,,
Market buy,2023-10-09 16:50:21,US98978V1035,ZTS,Zoetis,,EOF4501220743,0.2424161000,173.6200000000,USD,1.05378776,,,40.00,EUR,,,0.06,EUR,,
Market buy,2023-10-09 16:50:59,US22160K1051,COST,Costco Wholesale,,EOF4501220943,0.0759404000,554.2800000000,USD,1.05388695,,,40.00,EUR,,,0.06,EUR,,
Market buy,2023-10-09 16:51:13,US1696561059,CMG,Chipotle Mexican Grill,,EOF4501220978,0.0228610300,1841.0500000000,USD,1.05378816,,,40.00,EUR,,,0.06,EUR,,
Market buy,2023-10-09 16:51:52,US9256521090,VICI,VICI Properties,,EOF4501221117,1.4564800000,28.9000000000,USD,1.05388763,,,40.00,EUR,,,0.06,EUR,,
Market buy,2023-10-09 18:11:09,US78409V1044,SPGI,S&P Global,,EOF4501228117,0.1150923000,366.6700000000,USD,1.05660725,,,40.00,EUR,,,0.06,EUR,,
Interest on cash,2023-10-09 21:09:00,,,,Interest on cash,8b2ff8c5-9ea6-4c5a-b879-c1bcb931d18c,,,,,,,0.02,EUR,,,,,,
Market buy,2023-10-10 17:48:20,US9078181081,UNP,Union Pacific,,EOF4551083494,0.3077289000,206.3400000000,USD,1.05986949,,,60.00,EUR,,,0.09,EUR,,
Market buy,2023-10-10 17:48:36,US78409V1044,SPGI,S&P Global,,EOF4551083525,0.1141094000,370.9700000000,USD,1.05986890,,,40.00,EUR,,,0.06,EUR,,
Market buy,2023-10-10 18:42:00,US5184391044,EL,Estee Lauder,,EOF4551086985,0.4488291000,141.4400000000,USD,1.05962924,,,60.00,EUR,,,0.09,EUR,,
Interest on cash,2023-10-10 21:08:40,,,,Interest on cash,06b299ff-7730-47c2-b2c6-1802a3e8c46b,,,,,,,0.02,EUR,,,,,,
Market buy,2023-10-11 15:12:13,FR0000121014,MC.PA,LVMH Moet Hennessy Louis Vuitton,,EOF4600257439,0.1151280000,692.8000000000,EUR,1.00000000,,,80.00,EUR,,,,,0.24,EUR
Market buy,2023-10-11 15:13:54,FR0000121014,MC.PA,LVMH Moet Hennessy Louis Vuitton,,EOF4600257676,0.0720173000,692.2000000000,EUR,1.00000000,,,50.00,EUR,,,,,0.15,EUR
Market buy,2023-10-11 17:02:03,US1696561059,CMG,Chipotle Mexican Grill,,EOF4600268175,0.0349063600,1820.9800000000,USD,1.06098787,,,60.00,EUR,,,0.09,EUR,,
Market buy,2023-10-11 17:55:05,US98978V1035,ZTS,Zoetis,,EOF4600272347,0.3005496000,175.9400000000,USD,1.05926876,,,49.99,EUR,,,0.07,EUR,,
Interest on cash,2023-10-11 21:09:10,,,,Interest on cash,0f9763a3-d5fc-4199-9ef2-8163a857e446,,,,,,,0.01,EUR,,,,,,
Market buy,2023-10-12 14:09:45,FR0000121014,MC.PA,LVMH Moet Hennessy Louis Vuitton,,EOF4601197920,0.1398638000,677.2000000000,EUR,1.00000000,,,95.00,EUR,,,,,0.28,EUR
Market buy,2023-10-12 18:24:00,US1696561059,CMG,Chipotle Mexican Grill,,EOF4651086969,0.0235338900,1787.6300000000,USD,1.05332718,,,40.00,EUR,,,0.06,EUR,,
Deposit,2023-10-13 10:16:48,,,,Bank Transfer,8edb588e-c779-4f23-aa83-1820c0801b06,,,,,,,500.00,EUR,,,,,,
Market buy,2023-10-13 12:14:40,FR0000121014,MC.PA,LVMH Moet Hennessy Louis Vuitton,,EOF4652174878,0.0597636000,667.3000000000,EUR,1.00000000,,,40.00,EUR,,,,,0.12,EUR
Market buy,2023-10-13 12:16:39,FR0000121014,MC.PA,LVMH Moet Hennessy Louis Vuitton,,EOF4652174970,0.0597636000,667.3000000000,EUR,1.00000000,,,40.00,EUR,,,,,0.12,EUR
Market buy,2023-10-13 16:30:52,US1696561059,CMG,Chipotle Mexican Grill,,EOF4700489732,0.0233693800,1796.6800000000,USD,1.05125933,,,40.00,EUR,,,0.06,EUR,,
Market buy,2023-10-13 16:31:35,US9256521090,VICI,VICI Properties,,EOF4700489783,1.4463410000,29.0300000000,USD,1.05125886,,,40.00,EUR,,,0.06,EUR,,
Market buy,2023-10-13 16:31:49,US78409V1044,SPGI,S&P Global,,EOF4700489805,0.1154264000,363.7200000000,USD,1.05114897,,,40.00,EUR,,,0.06,EUR,,
Interest on cash,2023-10-13 21:10:01,,,,Interest on cash,1b4fdfd8-3aea-4462-8b5d-e9ab5a570df4,,,,,,,0.01,EUR,,,,,,
Interest on cash,2023-10-14 21:09:35,,,,Interest on cash,0989b872-61b2-4659-90b3-47b5b61d6450,,,,,,,0.02,EUR,,,,,,
Interest on cash,2023-10-15 21:08:57,,,,Interest on cash,e504c1e9-8d5e-4e7f-94d8-14a0affb0f47,,,,,,,0.01,EUR,,,,,,
Market buy,2023-10-16 08:24:37,FR0000121014,MC.PA,LVMH Moet Hennessy Louis Vuitton,,EOF4750982313,0.0453390000,659.7000000000,EUR,1.00000000,,,30.00,EUR,,,,,0.09,EUR
Market buy,2023-10-16 10:55:22,FR0000121014,MC.PA,LVMH Moet Hennessy Louis Vuitton,,EOF4750989167,0.0451474000,662.5000000000,EUR,1.00000000,,,30.00,EUR,,,,,0.09,EUR
Interest on cash,2023-10-16 21:09:25,,,,Interest on cash,6f641c9a-0ffe-415f-bc45-4ff4d735a3de,,,,,,,0.01,EUR,,,,,,
Market buy,2023-10-17 18:31:56,US98978V1035,ZTS,Zoetis,,EOF4850147549,0.3663819000,172.8300000000,USD,1.05694848,,,60.00,EUR,,,0.09,EUR,,
Market buy,2023-10-17 18:32:17,US9256521090,VICI,VICI Properties,,EOF4850147575,2.1655880000,29.2400000000,USD,1.05694864,,,60.00,EUR,,,0.09,EUR,,
Market buy,2023-10-17 18:32:36,US78409V1044,SPGI,S&P Global,,EOF4850147610,0.1442505000,365.7900000000,USD,1.05699900,,,49.99,EUR,,,0.07,EUR,,
Market buy,2023-10-17 18:32:55,US0378331005,AAPL,Apple,,EOF4850147633,0.2979076000,177.1200000000,USD,1.05699908,,,49.99,EUR,,,0.07,EUR,,
Market buy,2023-10-17 18:33:45,US1696561059,CMG,Chipotle Mexican Grill,,EOF4850147676,0.0290127000,1818.7000000000,USD,1.05699914,,,49.99,EUR,,,0.07,EUR,,
Market buy,2023-10-17 18:34:00,US8826811098,TXRH,Texas Roadhouse,,EOF4850147719,0.1750140000,95.5600000000,USD,1.05716421,,,15.84,EUR,,,0.02,EUR,,
Deposit,2023-10-18 07:34:44,,,,Bank Transfer,c0bae410-bc13-42c6-8cc2-61220236303e,,,,,,,500.00,EUR,,,,,,
Market buy,2023-10-18 17:18:51,US98978V1035,ZTS,Zoetis,,EOF4900529577,0.3680372000,171.7500000000,USD,1.05508911,,,60.00,EUR,,,0.09,EUR,,
Market buy,2023-10-18 17:19:08,US9256521090,VICI,VICI Properties,,EOF4900529595,2.1849420000,28.9300000000,USD,1.05508883,,,60.00,EUR,,,0.09,EUR,,
Interest on cash,2023-10-18 21:08:58,,,,Interest on cash,6cb64b43-8dbe-4af8-8e75-d6d5d23128f5,,,,,,,0.02,EUR,,,,,,
Market buy,2023-10-19 17:53:08,US98978V1035,ZTS,Zoetis,,EOF4951263635,0.2502117000,169.1000000000,USD,1.05935900,,,40.00,EUR,,,0.06,EUR,,
Market buy,2023-10-19 17:53:30,US92826C8394,V,Visa,,EOF4951263669,0.2253897000,234.6300000000,USD,1.05935868,,,49.99,EUR,,,0.07,EUR,,
Market buy,2023-10-19 17:53:47,US78409V1044,SPGI,S&P Global,,EOF4951263680,0.0897680000,359.3700000000,USD,1.05943928,,,30.50,EUR,,,0.05,EUR,,
Market buy,2023-10-19 17:53:56,US78409V1044,SPGI,S&P Global,,EOF4951263688,0.0279908000,359.2200000000,USD,1.05952109,,,9.50,EUR,,,0.01,EUR,,
Market buy,2023-10-19 17:54:03,US0231351067,AMZN,Amazon,,EOF4951263693,0.4102404000,128.9200000000,USD,1.05945898,,,49.99,EUR,,,0.07,EUR,,
Interest on cash,2023-10-19 21:09:18,,,,Interest on cash,3876ecce-5ee6-48a7-be39-9c2eb07a3bf3,,,,,,,0.01,EUR,,,,,,
Market buy,2023-10-20 18:13:16,US98978V1035,ZTS,Zoetis,,EOF4952046170,0.1889201000,167.9000000000,USD,1.05908797,,,29.99,EUR,,,0.04,EUR,,
Market buy,2023-10-20 18:13:59,US78409V1044,SPGI,S&P Global,,EOF4952046208,0.1649047000,352.7000000000,USD,1.05902927,,,55.00,EUR,,,0.08,EUR,,
Market buy,2023-10-20 18:14:11,US0378331005,AAPL,Apple,,EOF4952046220,0.2739647000,173.6800000000,USD,1.05902935,,,45.00,EUR,,,0.07,EUR,,
Market buy,2023-10-20 18:14:22,US0231351067,AMZN,Amazon,,EOF4952046232,0.3185815000,126.1200000000,USD,1.05902737,,,38.00,EUR,,,0.06,EUR,,
Market buy,2023-10-20 18:14:46,US9256521090,VICI,VICI Properties,,EOF4952046256,1.2223330000,27.7300000000,USD,1.05889703,,,32.06,EUR,,,0.05,EUR,,
Deposit,2023-10-24 07:53:55,,,,Bank Transfer,72f1183e-6c07-4cb9-b30d-5e7a1068a3dc,,,,,,,500.00,EUR,,,,,,
Interest on cash,2023-10-24 21:09:37,,,,Interest on cash,f5dac74f-1a3a-40e5-add3-b9ad34d68969,,,,,,,0.02,EUR,,,,,,
Interest on cash,2023-10-25 21:09:37,,,,Interest on cash,a7c569ba-4e0b-4c77-bb0c-aaba22c34ff9,,,,,,,0.02,EUR,,,,,,
Interest on cash,2023-10-26 21:09:47,,,,Interest on cash,ef6343b6-98f7-4ad0-8b7d-3bec8ed5f814,,,,,,,0.02,EUR,,,,,,
Interest on cash,2023-10-27 21:10:00,,,,Interest on cash,f0474417-52ba-487c-932e-45d67eadfcd4,,,,,,,0.02,EUR,,,,,,
Interest on cash,2023-10-28 21:09:26,,,,Interest on cash,c4450bd1-2bb5-4f0c-82bb-6404bf8bcacc,,,,,,,0.02,EUR,,,,,,
Interest on cash,2023-10-29 22:09:50,,,,Interest on cash,559b7419-cefd-4e08-9c58-f7e3f89f7ee2,,,,,,,0.02,EUR,,,,,,
Interest on cash,2023-10-30 22:09:44,,,,Interest on cash,056109a5-15f3-4a6c-b90d-153fc66e8056,,,,,,,0.02,EUR,,,,,,
Interest on cash,2023-10-31 22:09:51,,,,Interest on cash,492feb8c-f3d5-45a8-8b08-66b9651206dc,,,,,,,0.02,EUR,,,,,,
Market buy,2023-11-01 12:20:10,FR0000121014,MC.PA,LVMH Moet Hennessy Louis Vuitton,,EOF5451677952,0.0595317000,669.9000000000,EUR,1.00000000,,,40.00,EUR,,,,,0.12,EUR
Market buy,2023-11-01 13:30:02,US9256521090,VICI,VICI Properties,,EOF5451685823,1.5023300000,27.9800000000,USD,1.05245852,,,40.00,EUR,,,0.06,EUR,,
Market buy,2023-11-01 13:30:03,US0378331005,AAPL,Apple,,EOF5451686347,0.0125035000,171.1300000000,USD,1.05405120,,,02.03,EUR,,,,,,
Market buy,2023-11-01 13:30:05,US98978V1035,ZTS,Zoetis,,EOF5451689076,0.4015181000,157.0300000000,USD,1.05241841,,,60.00,EUR,,,0.09,EUR,,
Market buy,2023-11-01 13:30:06,US78409V1044,SPGI,S&P Global,,EOF5451689807,0.1194611000,351.8700000000,USD,1.05244810,,,40.00,EUR,,,0.06,EUR,,
Market buy,2023-11-01 13:30:07,US0378331005,AAPL,Apple,,EOF5451691508,0.2332975000,171.0000000000,USD,1.05233111,,,37.97,EUR,,,0.06,EUR,,
Market buy,2023-11-01 13:30:40,US5184391044,EL,Estee Lauder,,EOF5451694777,0.2865663000,110.0000000000,USD,1.05249726,,,29.99,EUR,,,0.04,EUR,,
Interest on cash,2023-11-01 22:09:22,,,,Interest on cash,a992b64a-595f-4cf1-bad7-b213007666e4,,,,,,,0.01,EUR,,,,,,
Market buy,2023-11-02 18:29:32,US98978V1035,ZTS,Zoetis,,EOF5550436588,0.3321243000,159.7200000000,USD,1.06263808,,,49.99,EUR,,,0.07,EUR,,
Market buy,2023-11-02 18:30:10,US22160K1051,COST,Costco Wholesale,,EOF5550436671,0.1143470000,556.7500000000,USD,1.06263882,,,60.00,EUR,,,0.09,EUR,,
Market buy,2023-11-02 18:30:48,US5184391044,EL,Estee Lauder,,EOF5550436757,0.4647936000,114.1300000000,USD,1.06263809,,,49.99,EUR,,,0.07,EUR,,
Market sell,2023-11-02 18:31:54,US6541061031,NKE,Nike,,EOF5550436833,1.0095726000,105.0400000000,USD,1.06247375,9.95,EUR,99.66,EUR,,,0.15,EUR,,
Interest on cash,2023-11-02 22:09:46,,,,Interest on cash,526b3fe8-c4b4-47b6-b3a1-a28d2ea0dd28,,,,,,,0.01,EUR,,,,,,
Market buy,2023-11-03 08:00:15,FR0000121014,MC.PA,LVMH Moet Hennessy Louis Vuitton,,EOF5551250864,0.0564317000,706.7000000000,EUR,1.00000000,,,40.00,EUR,,,,,0.12,EUR
Interest on cash,2023-11-03 22:09:24,,,,Interest on cash,722d9b8f-adbc-474b-afd8-b2d149dac7ac,,,,,,,0.01,EUR,,,,,,
Interest on cash,2023-11-05 22:09:27,,,,Interest on cash,2b14a7dd-d2c4-49ef-8996-9fb6f21f46fd,,,,,,,0.01,EUR,,,,,,
Market buy,2023-11-06 15:43:21,US98978V1035,ZTS,Zoetis,,EOF5751019497,0.1949200000,165.0000000000,USD,1.07384974,,,29.99,EUR,,,0.04,EUR,,
Market buy,2023-11-06 15:44:42,US9256521090,VICI,VICI Properties,,EOF5751019653,1.4842470000,28.8900000000,USD,1.07360780,,,40.00,EUR,,,0.06,EUR,,
Market buy,2023-11-06 15:47:18,US5184391044,EL,Estee Lauder,,EOF5751020013,0.3840858000,111.6300000000,USD,1.07349769,,,40.00,EUR,,,0.06,EUR,,
Interest on cash,2023-11-09 22:09:43,,,,Interest on cash,0b6e2cdc-bfd6-47e2-86c5-77655b83232b,,,,,,,0.01,EUR,,,,,,
Interest on cash,2023-11-15 22:09:30,,,,Interest on cash,dbae4c67-6583-4c78-9b25-64c85f4fb6b8,,,,,,,0.01,EUR,,,,,,
Dividend (Dividend),2023-11-16 13:28:24,US0378331005,AAPL,Apple,,,7.4245601000,0.204000,USD,0.92433000,,,1.40,EUR,0.27,USD,,,,
Dividend (Dividend),2023-11-17 15:21:08,US22160K1051,COST,Costco Wholesale,,,0.3500061000,0.867000,USD,0.92270600,,,0.28,EUR,0.05,USD,,,,
Interest on cash,2023-11-21 22:09:41,,,,Interest on cash,043405b8-51ad-46b4-9013-f4131ccb8548,,,,,,,0.01,EUR,,,,,,
Dividend (Dividend),2023-11-24 16:06:47,US3119001044,FAST,Fastenal,,,6.0000000000,0.297500,USD,0.91876800,,,1.64,EUR,0.32,USD,,,,
Interest on cash,2023-11-26 22:09:50,,,,Interest on cash,c6c4eee8-8495-4205-9c14-ee4b95a39b9a,,,,,,,0.01,EUR,,,,,,
Dividend (Dividend),2023-12-01 15:01:17,US92826C8394,V,Visa,,,6.1157305000,0.442000,USD,0.91744700,,,2.48,EUR,0.48,USD,,,,
Dividend (Dividend),2023-12-01 15:08:36,US98978V1035,ZTS,Zoetis,,,6.2245879000,0.318750,USD,0.91729800,,,1.82,EUR,0.35,USD,,,,
Interest on cash,2023-12-01 22:09:48,,,,Interest on cash,abdae28f-cef1-4155-a8b6-8b3aecc4a812,,,,,,,0.01,EUR,,,,,,
Dividend (Dividend),2023-12-06 10:27:20,FR0000121014,MC.PA,LVMH Moet Hennessy Louis Vuitton,,,2.5373472000,4.125000,EUR,1.00000000,,,10.47,EUR,3.49,EUR,,,,
Interest on cash,2023-12-06 22:08:51,,,,Interest on cash,5746e654-9b98-42ad-91fd-cfbf2e1286f7,,,,,,,0.01,EUR,,,,,,
Market sell,2023-12-08 15:48:47,US0326541051,ADI,Analog Devices,,EOF7150837492,1.0000000000,185.3900000000,USD,1.07678457,-5.95,EUR,171.91,EUR,,,0.26,EUR,,
Market sell,2023-12-08 15:52:16,US3119001044,FAST,Fastenal,,EOF7150838185,6.0000000000,62.1800000000,USD,1.07658567,27.56,EUR,346.02,EUR,,,0.52,EUR,,
Interest on cash,2023-12-08 22:09:51,,,,Interest on cash,59fe245f-745a-4667-990c-3c34327bc546,,,,,,,0.02,EUR,,,,,,
Interest on cash,2023-12-09 22:09:11,,,,Interest on cash,f22ad377-97cc-48f3-a8ce-21ce21650391,,,,,,,0.03,EUR,,,,,,
Interest on cash,2023-12-10 22:08:40,,,,Interest on cash,bd2bfd93-221f-497e-8e6c-8e98aa96bddb,,,,,,,0.02,EUR,,,,,,
Interest on cash,2023-12-11 22:10:24,,,,Interest on cash,07041b2c-d5a5-4ad5-8178-c45fae0ce3d7,,,,,,,0.03,EUR,,,,,,
Dividend (Dividend),2023-12-12 09:00:52,US78409V1044,SPGI,S&P Global,,,2.8519186000,0.765000,USD,0.93046000,,,02.03,EUR,0.39,USD,,,,
Interest on cash,2023-12-12 22:10:23,,,,Interest on cash,5838be31-af5c-4b85-a379-abecd35a3d3f,,,,,,,0.02,EUR,,,,,,
Interest on cash,2023-12-13 22:09:48,,,,Interest on cash,e0eb5a20-ae9f-40c1-b606-e58e3ae64b9b,,,,,,,0.03,EUR,,,,,,
Dividend (Dividend),2023-12-14 09:43:41,US0326541051,ADI,Analog Devices,,,1.0000000000,0.731000,USD,0.91655300,,,0.67,EUR,0.13,USD,,,,
Interest on cash,2023-12-14 22:10:50,,,,Interest on cash,f8125d02-5707-4bc5-9655-b9cf7857824e,,,,,,,0.03,EUR,,,,,,
Dividend (Dividend),2023-12-15 15:18:43,US5184391044,EL,Estee Lauder,,,6.3363877000,0.561000,USD,0.91146600,,,3.24,EUR,0.63,USD,,,,
Interest on cash,2023-12-15 22:11:51,,,,Interest on cash,4dbbc8a3-dcd1-4e94-a13b-c8be8acb585b,,,,,,,0.02,EUR,,,,,,
Interest on cash,2023-12-16 22:11:14,,,,Interest on cash,5a726f98-33d3-46a6-b014-f2dea618a7a8,,,,,,,0.03,EUR,,,,,,
Interest on cash,2023-12-17 22:11:37,,,,Interest on cash,5632a375-61fc-4900-948a-c9f4b9a713eb,,,,,,,0.02,EUR,,,,,,
Interest on cash,2023-12-18 22:10:41,,,,Interest on cash,ca17187d-a18e-4dd5-a29d-61eeae8340c4,,,,,,,0.03,EUR,,,,,,
Interest on cash,2023-12-19 22:10:52,,,,Interest on cash,b5bb5b69-8783-4fdd-af35-32e0f539e593,,,,,,,0.02,EUR,,,,,,
Dividend (Dividend),2023-12-20 12:14:54,US3119001044,FAST,Fastenal,,,6.0000000000,0.323000,USD,0.91331300,,,1.77,EUR,0.34,USD,,,,
Interest on cash,2023-12-20 22:13:49,,,,Interest on cash,61edcb0b-da0a-4c2f-ba00-ce93f56d69a8,,,,,,,0.03,EUR,,,,,,
Interest on cash,2023-12-21 22:13:50,,,,Interest on cash,ac1c9339-8deb-4d81-affb-6b4f95436310,,,,,,,0.02,EUR,,,,,,
Interest on cash,2023-12-22 22:11:48,,,,Interest on cash,6c1b1e19-aab5-437d-98d6-b178e4cf7513,,,,,,,0.03,EUR,,,,,,
Interest on cash,2023-12-23 22:11:11,,,,Interest on cash,8b421e38-4b4d-4b95-8c8c-911ad1bdf874,,,,,,,0.03,EUR,,,,,,
Interest on cash,2023-12-24 22:11:46,,,,Interest on cash,48402888-f2a5-4596-9739-cf7f9600e065,,,,,,,0.02,EUR,,,,,,
Interest on cash,2023-12-25 22:11:11,,,,Interest on cash,61c6d4b5-e7a1-4d60-858d-f6e43c67d4a9,,,,,,,0.03,EUR,,,,,,
Dividend (Dividend),2023-12-26 07:37:20,US8826811098,TXRH,Texas Roadhouse,,,6.2676813000,0.467500,USD,0.90780600,,,2.66,EUR,0.52,USD,,,,
Interest on cash,2023-12-26 22:10:58,,,,Interest on cash,56d7738a-be83-464c-8a68-734cccebf27f,,,,,,,0.02,EUR,,,,,,
Interest on cash,2023-12-27 22:11:13,,,,Interest on cash,fc66fd27-6010-4d33-be70-86ad4b4fae35,,,,,,,0.03,EUR,,,,,,
Dividend (Dividend),2023-12-28 09:32:51,US9078181081,UNP,Union Pacific,,,1.9998810000,1.105000,USD,0.90050600,,,1.99,EUR,0.39,USD,,,,
Interest on cash,2023-12-28 22:12:22,,,,Interest on cash,96c54159-f89d-41d1-a76f-55fc093a78fd,,,,,,,0.02,EUR,,,,,,
Interest on cash,2023-12-29 22:11:56,,,,Interest on cash,04014b2d-4e10-4d47-9d25-4923a337bb7a,,,,,,,0.03,EUR,,,,,,
Interest on cash,2023-12-30 22:11:16,,,,Interest on cash,e752613a-1b4e-490b-b595-fded98e33edb,,,,,,,0.03,EUR,,,,,,
Interest on cash,2023-12-31 22:13:48,,,,Interest on cash,0abb6f27-a9cb-475d-aeb4-61d999d346d1,,,,,,,0.02,EUR,,,,,,
Interest on cash,2024-01-01 22:12:34,,,,Interest on cash,4a4290aa-c069-4dbf-bc13-8f1c9577445c,,,,,,,0.03,EUR,,,,,,
Interest on cash,2024-01-02 22:12:01,,,,Interest on cash,3c48001f-7323-4efd-9431-755e93c82ecb,,,,,,,0.02,EUR,,,,,,
Interest on cash,2024-01-03 22:10:57,,,,Interest on cash,e32f4678-752d-4d34-8aac-73895649d713,,,,,,,0.03,EUR,,,,,,
Dividend (Dividend),2024-01-04 12:34:11,US9256521090,VICI,VICI Properties,,,45.7325030000,0.352750,USD,0.91494400,,,14.76,EUR,2.85,USD,,,,
Interest on cash,2024-01-04 22:12:28,,,,Interest on cash,078a09be-265a-420f-901e-b73fc59e65fd,,,,,,,0.03,EUR,,,,,,
Interest on cash,2024-01-05 22:12:00,,,,Interest on cash,33c133c9-767b-43dc-bbd4-523e837ecf6d,,,,,,,0.02,EUR,,,,,,
Interest on cash,2024-01-06 22:12:19,,,,Interest on cash,8e033287-bd36-4a01-9ab6-544f4b4c9a22,,,,,,,0.03,EUR,,,,,,
Interest on cash,2024-01-07 22:11:59,,,,Interest on cash,dbd2deb6-e510-4b6e-bfcc-7c66c2bb68f5,,,,,,,0.02,EUR,,,,,,
Interest on cash,2024-01-08 22:11:23,,,,Interest on cash,8238fb48-fea7-4c08-ab61-7c19df2be0cb,,,,,,,0.03,EUR,,,,,,
Interest on cash,2024-01-09 22:12:14,,,,Interest on cash,791b4822-88bb-44ac-8fd7-553dcb8346a4,,,,,,,0.03,EUR,,,,,,
Interest on cash,2024-01-10 22:12:38,,,,Interest on cash,269149ef-8aff-4a05-8ea9-0c3f91c5039c,,,,,,,0.02,EUR,,,,,,
Interest on cash,2024-01-11 22:12:26,,,,Interest on cash,cbf99ef5-1efb-47d2-b882-c67f3a1745be,,,,,,,0.03,EUR,,,,,,
Dividend (Dividend),2024-01-12 13:22:09,US22160K1051,COST,Costco Wholesale,,,0.4643531000,12.750000,USD,0.91039600,,,5.39,EUR,01.04,USD,,,,
Interest on cash,2024-01-12 22:12:45,,,,Interest on cash,8236a7e7-55db-4b00-8054-0a52b4600342,,,,,,,0.03,EUR,,,,,,
Interest on cash,2024-01-13 22:12:48,,,,Interest on cash,d7254134-3d97-43a6-9d82-c1bbaf4137fa,,,,,,,0.02,EUR,,,,,,
Interest on cash,2024-01-14 22:12:05,,,,Interest on cash,2ae93b21-ba74-43d8-983f-cc20bbdc1054,,,,,,,0.03,EUR,,,,,,
Market buy,2024-01-15 08:00:28,FR0000121014,MC.PA,LVMH Moet Hennessy Louis Vuitton,,EOF8801259038,0.0890318000,671.9000000000,EUR,1.00000000,,,60.00,EUR,,,,,0.18,EUR
Interest on cash,2024-01-15 22:13:03,,,,Interest on cash,c7017c92-8717-4c05-a6d7-8f256ec394a6,,,,,,,0.02,EUR,,,,,,
Interest on cash,2024-01-16 22:12:35,,,,Interest on cash,870d8054-2cb9-4fe9-91cb-7d14ea901a12,,,,,,,0.03,EUR,,,,,,
Interest on cash,2024-01-17 22:13:08,,,,Interest on cash,1b2de452-6b17-4ecc-bb49-04e116981268,,,,,,,0.02,EUR,,,,,,
Interest on cash,2024-01-18 22:13:01,,,,Interest on cash,04418a43-b861-4dd2-91d8-7ce2eca6b6cb,,,,,,,0.02,EUR,,,,,,
Interest on cash,2024-01-19 22:12:59,,,,Interest on cash,06cb6cc7-dae5-4f88-81f5-9e5190daee32,,,,,,,0.03,EUR,,,,,,
Interest on cash,2024-01-20 22:12:14,,,,Interest on cash,bfa3685f-c56e-499c-bc4b-57cc4da8e084,,,,,,,0.02,EUR,,,,,,
Interest on cash,2024-01-21 22:12:33,,,,Interest on cash,f0f292ae-991f-46d5-be15-f44114b9a15c,,,,,,,0.03,EUR,,,,,,
Market buy,2024-01-22 08:00:15,FR0000121014,MC.PA,LVMH Moet Hennessy Louis Vuitton,,EOF9100420466,0.0896590000,667.2000000000,EUR,1.00000000,,,60.00,EUR,,,,,0.18,EUR
Interest on cash,2024-01-22 22:12:23,,,,Interest on cash,ee6be53a-bda9-49de-bbb9-17ac66cae1fc,,,,,,,0.02,EUR,,,,,,
Interest on cash,2024-01-23 22:12:10,,,,Interest on cash,db728702-3eb0-4346-806c-4ffe6dfc1b8a,,,,,,,0.02,EUR,,,,,,
Interest on cash,2024-01-24 22:11:17,,,,Interest on cash,ac9ee8ff-93a7-49ec-a10c-69b8c40962d6,,,,,,,0.02,EUR,,,,,,
Interest on cash,2024-01-25 22:12:09,,,,Interest on cash,c6cb14fe-df27-4cdc-908f-09debbbb099f,,,,,,,0.02,EUR,,,,,,
Interest on cash,2024-01-26 22:14:09,,,,Interest on cash,c24c4301-c7da-4981-a6ae-52127c341930,,,,,,,0.02,EUR,,,,,,
Interest on cash,2024-01-27 22:12:50,,,,Interest on cash,cf6435ec-c73f-4655-ac5a-8416392ebc8e,,,,,,,0.02,EUR,,,,,,
Interest on cash,2024-01-28 22:13:21,,,,Interest on cash,11c229c9-689a-45ae-951a-fc67ac7da250,,,,,,,0.03,EUR,,,,,,
Market buy,2024-01-29 20:47:16,US9256521090,VICI,VICI Properties,,EOF9554120054,2.1388130000,30.3400000000,USD,1.08315116,,,60.00,EUR,,,0.09,EUR,,
Interest on cash,2024-01-29 22:12:40,,,,Interest on cash,ca237156-a0ab-4d24-a8c6-e5ee4c1ef12b,,,,,,,0.01,EUR,,,,,,
Interest on cash,2024-01-30 22:15:08,,,,Interest on cash,ab27c60d-870c-4039-bda7-e40af6eca679,,,,,,,0.02,EUR,,,,,,
Interest on cash,2024-01-31 22:14:12,,,,Interest on cash,65614b00-91b1-4d74-82e2-8b354937ed98,,,,,,,0.02,EUR,,,,,,
Interest on cash,2024-02-01 22:14:23,,,,Interest on cash,ca9e44d7-05a7-41ec-ae7a-57f4d1fe0215,,,,,,,0.02,EUR,,,,,,
Interest on cash,2024-02-02 22:12:59,,,,Interest on cash,c965e29a-56f5-455e-9bed-bb920c28ea7a,,,,,,,0.02,EUR,,,,,,
Interest on cash,2024-02-03 22:15:33,,,,Interest on cash,2237dda9-cd44-4af8-ae95-731fcd455836,,,,,,,0.02,EUR,,,,,,
Interest on cash,2024-02-04 22:13:11,,,,Interest on cash,968e9648-21d3-4eff-9a0e-1d12486431d0,,,,,,,0.02,EUR,,,,,,
Interest on cash,2024-02-05 22:12:56,,,,Interest on cash,40b090a2-4c77-4fbf-b17b-70873f08cf30,,,,,,,0.01,EUR,,,,,,
Market buy,2024-02-06 15:44:09,US9256521090,VICI,VICI Properties,,EOF9952161106,1.4348770000,29.9100000000,USD,1.07454108,,,40.00,EUR,,,0.06,EUR,,
Interest on cash,2024-02-06 22:11:52,,,,Interest on cash,648dfe74-8b2c-41f6-86ea-d819754966d5,,,,,,,0.02,EUR,,,,,,
Interest on cash,2024-02-07 22:12:37,,,,Interest on cash,45c09376-015b-4a79-97a2-6604544798be,,,,,,,0.02,EUR,,,,,,
Market sell,2024-02-08 16:33:58,US8826811098,TXRH,Texas Roadhouse,,EOF10052159319,0.9609240000,134.6200000000,USD,1.07638200,28.97,EUR,120.00,EUR,,,0.18,EUR,,
Market sell,2024-02-08 16:35:39,US78409V1044,SPGI,S&P Global,,EOF10052159816,0.1499140000,431.4500000000,USD,1.07639200,7.87,EUR,60.00,EUR,,,0.09,EUR,,
Market sell,2024-02-08 16:36:37,US1696561059,CMG,Chipotle Mexican Grill,,EOF10052159984,0.0325359300,2650.5000000000,USD,1.07634151,23.39,EUR,80.00,EUR,,,0.12,EUR,,
Interest on cash,2024-02-08 22:12:02,,,,Interest on cash,bf02dab4-df6a-40af-aa52-a1d2d9054ae6,,,,,,,0.03,EUR,,,,,,
Interest on cash,2024-02-09 22:13:25,,,,Interest on cash,c05494aa-45c9-4bf3-a218-d1788bb622f0,,,,,,,0.03,EUR,,,,,,
Interest on cash,2024-02-10 22:14:29,,,,Interest on cash,a2736ede-43b8-407e-b71a-d94a606147c3,,,,,,,0.02,EUR,,,,,,
Market sell,2024-02-14 14:30:04,US8826811098,TXRH,Texas Roadhouse,,EOF10253333119,0.3246625000,132.1800000000,USD,1.07124037,9.24,EUR,40.00,EUR,,,0.06,EUR,,
Dividend (Dividend),2024-02-15 12:31:37,US0378331005,AAPL,Apple,,,7.4245601000,0.204000,USD,0.93093300,,,1.41,EUR,0.27,USD,,,,
Dividend (Dividend),2024-02-16 10:02:06,US22160K1051,COST,Costco Wholesale,,,0.4643531000,0.867000,USD,0.91904000,,,0.37,EUR,0.07,USD,,,,
Market buy,2024-02-22 18:03:45,US0378331005,AAPL,Apple,,EOF10652110077,0.2353422000,183.6300000000,USD,1.08202023,,,40.00,EUR,,,0.06,EUR,,
Market sell,2024-02-26 18:20:16,US8826811098,TXRH,Texas Roadhouse,,EOF10853024136,0.4348972000,149.8200000000,USD,1.08431184,18.81,EUR,60.00,EUR,,,0.09,EUR,,
Market sell,2024-02-26 18:22:38,US9078181081,UNP,Union Pacific,,EOF10853024622,0.2130715000,254.8200000000,USD,1.08416293,7.53,EUR,50.00,EUR,,,0.08,EUR,,
Market sell,2024-02-26 18:23:46,US1696561059,CMG,Chipotle Mexican Grill,,EOF10853024821,0.0246300900,2645.1500000000,USD,1.08421172,17.15,EUR,60.00,EUR,,,0.09,EUR,,
Market sell,2024-02-29 17:56:08,US9078181081,UNP,Union Pacific,,EOF11001639780,0.3404135000,254.1500000000,USD,1.07983139,12.14,EUR,80.00,EUR,,,0.12,EUR,,
Market sell,2024-02-29 17:57:18,US78409V1044,SPGI,S&P Global,,EOF11001639887,0.1502106000,432.0100000000,USD,1.07992147,7.76,EUR,60.00,EUR,,,0.09,EUR,,
Dividend (Dividend),2024-03-01 14:35:36,US92826C8394,V,Visa,,,6.1157305000,0.442000,USD,0.92484600,,,2.50,EUR,0.48,USD,,,,
Dividend (Dividend),2024-03-01 14:44:11,US98978V1035,ZTS,Zoetis,,,7.1531503000,0.367200,USD,0.92513700,,,2.43,EUR,0.46,USD,,,,
Market buy,2024-03-05 20:03:06,US0378331005,AAPL,Apple,,EOF11252871426,0.3185626000,170.1100000000,USD,1.08533314,,,50.00,EUR,,,0.07,EUR,,
Market buy,2024-03-05 20:03:26,US9256521090,VICI,VICI Properties,,EOF11252871475,1.4978190000,28.9400000000,USD,1.08529999,,,40.00,EUR,,,0.06,EUR,,
Market sell,2024-03-05 20:05:09,US22160K1051,COST,Costco Wholesale,,EOF11252871717,0.0713402000,761.7300000000,USD,1.08510324,13.26,EUR,50.00,EUR,,,0.08,EUR,,
Market sell,2024-03-05 20:05:56,US8826811098,TXRH,Texas Roadhouse,,EOF11252871866,0.2862312000,151.8800000000,USD,1.08519207,12.89,EUR,40.00,EUR,,,0.06,EUR,,
Market sell,2024-03-05 20:06:07,US1696561059,CMG,Chipotle Mexican Grill,,EOF11252871888,0.0160583600,2707.1500000000,USD,1.08518195,12.06,EUR,40.00,EUR,,,0.06,EUR,,
Market sell,2024-03-05 20:06:17,US9078181081,UNP,Union Pacific,,EOF11252871914,0.1718677000,252.9200000000,USD,1.08509182,5.74,EUR,40.00,EUR,,,0.06,EUR,,
Market buy,2024-03-06 16:48:33,US0378331005,AAPL,Apple,,EOF11301228029,0.3214179000,169.4700000000,USD,1.09094114,,,50.00,EUR,,,0.07,EUR,,
Dividend (Dividend),2024-03-12 09:42:34,US78409V1044,SPGI,S&P Global,,,2.7020046000,0.773500,USD,0.91387500,,,1.91,EUR,0.37,USD,,,,
Market buy,2024-03-12 13:30:06,US0378331005,AAPL,Apple,,EOF11504229891,0.0182856000,173.2000000000,USD,1.09209169,,,2.90,EUR,,,,,,
Market buy,2024-03-12 13:30:11,US0378331005,AAPL,Apple,,EOF11504233848,0.2961155000,173.3500000000,USD,1.09169761,,,47.09,EUR,,,0.07,EUR,,
Market buy,2024-03-15 13:43:07,US9256521090,VICI,VICI Properties,,EOF11699984095,1.8777160000,28.9500000000,USD,1.08872177,,,50.00,EUR,,,0.07,EUR,,
Market buy,2024-03-15 13:43:22,US98978V1035,ZTS,Zoetis,,EOF11699984133,0.2491161000,174.5800000000,USD,1.08890056,,,40.00,EUR,,,0.06,EUR,,
Dividend (Dividend),2024-03-15 16:09:19,US5184391044,EL,Estee Lauder,,,6.3363877000,0.561000,USD,0.91990500,,,3.27,EUR,0.63,USD,,,,
Market buy,2024-03-19 13:30:01,US0231351067,AMZN,Amazon,,EOF11804133895,0.0062424000,174.2400000000,USD,1.08767577,,,1.00,EUR,,,,,,
Market buy,2024-03-19 13:30:05,US0231351067,AMZN,Amazon,,EOF11804136876,0.3669535000,174.2600000000,USD,1.08547473,,,59.00,EUR,,,0.09,EUR,,
Market buy,2024-03-19 13:33:20,US98978V1035,ZTS,Zoetis,,EOF11804146447,0.2527865000,171.5000000000,USD,1.08545029,,,40.00,EUR,,,0.06,EUR,,
Dividend (Dividend),2024-03-26 12:45:37,US8826811098,TXRH,Texas Roadhouse,,,4.2609664000,0.518500,USD,0.92336500,,,02.04,EUR,0.39,USD,,,,
Dividend (Dividend),2024-03-29 11:16:30,US9078181081,UNP,Union Pacific,,,1.7868095000,1.105000,USD,0.92685200,,,1.83,EUR,0.35,USD,,,,
Dividend (Dividend),2024-04-04 11:08:22,US9256521090,VICI,VICI Properties,,,52.6817280000,0.352750,USD,0.92232500,,,17.14,EUR,3.28,USD,,,,
Market buy,2024-04-05 13:30:11,US78409V1044,SPGI,S&P Global,,EOF12552844984,0.1499807000,431.4800000000,USD,1.08018147,,,60.00,EUR,,,0.09,EUR,,
Market buy,2024-04-05 13:30:11,US0231351067,AMZN,Amazon,,EOF12552845353,0.3544044000,182.5900000000,USD,1.08013185,,,60.00,EUR,,,0.09,EUR,,
Market buy,2024-04-05 13:30:16,US0378331005,AAPL,Apple,,EOF12552848950,0.3816341000,169.5700000000,USD,1.08018184,,,60.00,EUR,,,0.09,EUR,,
Market buy,2024-04-05 13:30:21,US92826C8394,V,Visa,,EOF12600653655,0.3126534000,275.9100000000,USD,1.07992237,,,80.00,EUR,,,0.12,EUR,,
Market buy,2024-04-09 13:30:05,US0378331005,AAPL,Apple,,EOF12800503430,0.2574868000,168.7900000000,USD,1.08816216,,,40.00,EUR,,,0.06,EUR,,
Withdrawal,2024-04-09 16:41:40,,,,Sent to Bank Account CEPAFRPP348 / FR7613485008000409853301734,9a54503b-4d13-4ac8-9266-149c232d8c37,,,,,,,-200.00,EUR,,,,,,
Withdrawal,2024-04-12 20:07:51,,,,Sent to Bank Account CEPAFRPP348 / FR7613485008000409853301734,14a5adc6-2c58-4a8f-a63b-9122daf184ed,,,,,,,-250.00,EUR,,,,,,
Dividend (Dividend),2024-04-25 08:48:21,FR0000121014,MC.PA,LVMH Moet Hennessy Louis Vuitton,,,2.7160380000,5.625000,EUR,1.00000000,,,15.28,EUR,05.09,EUR,,,,
Deposit,2024-04-30 10:30:24,,,,Bank Transfer,eec2cfb1-1e26-4a94-846b-3510f12125df,,,,,,,500.00,EUR,,,,,,